rssi,mac_address,timestamp,distance
-54,B0:B4:48:BC:63:07,145858966737,6.36
-54,B0:B4:48:BC:63:07,145858966737,6.36
-52,B0:B4:48:BC:63:07,145858966737,5.45
-51,B0:B4:48:BC:63:07,145858966737,5.0
-59,B0:B4:48:BC:63:07,145858966737,8.64
-52,B0:B4:48:BC:63:07,145858966737,5.45
-52,B0:B4:48:BC:63:07,145858966809,5.45
-53,B0:B4:48:BC:63:07,145858966809,5.91
-55,B0:B4:48:BC:63:07,145858966809,6.82
-56,B0:B4:48:BC:63:07,145858966809,7.27
-56,B0:B4:48:BC:63:07,145858966809,7.27
-56,B0:B4:48:BC:63:07,145858966809,7.27
-56,B0:B4:48:BC:63:07,145858966809,7.27
-56,B0:B4:48:BC:63:07,145858966809,7.27
-55,B0:B4:48:BC:63:07,145858966851,6.82
-54,B0:B4:48:BC:63:07,145858966851,6.36
-60,B0:B4:48:BC:63:07,145858966851,9.09
-59,B0:B4:48:BC:63:07,145858966851,8.64
-55,B0:B4:48:BC:63:07,145858966851,6.82
-55,B0:B4:48:BC:63:07,145858966851,6.82
-55,B0:B4:48:BC:63:07,145858966851,6.82
-55,B0:B4:48:BC:63:07,145858966851,6.82
-60,B0:B4:48:BC:63:07,145858966894,9.09
-56,B0:B4:48:BC:63:07,145858966894,7.27
-55,B0:B4:48:BC:63:07,145858966894,6.82
-55,B0:B4:48:BC:63:07,145858966894,6.82
-55,B0:B4:48:BC:63:07,145858966894,6.82
-61,B0:B4:48:BC:63:07,145858966894,9.55
-61,B0:B4:48:BC:63:07,145858966894,9.55
-56,B0:B4:48:BC:63:07,145858966894,7.27
-56,B0:B4:48:BC:63:07,145858966936,7.27
-62,B0:B4:48:BC:63:07,145858966936,10.0
-61,B0:B4:48:BC:63:07,145858966936,9.55
-56,B0:B4:48:BC:63:07,145858966936,7.27
-56,B0:B4:48:BC:63:07,145858966936,7.27
-62,B0:B4:48:BC:63:07,145858966936,10.0
-62,B0:B4:48:BC:63:07,145858966936,10.0
-57,B0:B4:48:BC:63:07,145858966936,7.73
-57,B0:B4:48:BC:63:07,145858966999,7.73
-63,B0:B4:48:BC:63:07,145858966999,10.45
-63,B0:B4:48:BC:63:07,145858966999,10.45
-63,B0:B4:48:BC:63:07,145858966999,10.45
-58,B0:B4:48:BC:63:07,145858966999,8.18
-58,B0:B4:48:BC:63:07,145858966999,8.18
-59,B0:B4:48:BC:63:07,145858967000,8.64
-59,B0:B4:48:BC:63:07,145858967000,8.64
-60,B0:B4:48:BC:63:07,145858967052,9.09
-60,B0:B4:48:BC:63:07,145858967052,9.09
-66,B0:B4:48:BC:63:07,145858967052,11.82
-65,B0:B4:48:BC:63:07,145858967052,11.36
-61,B0:B4:48:BC:63:07,145858967052,9.55
-61,B0:B4:48:BC:63:07,145858967052,9.55
-60,B0:B4:48:BC:63:07,145858967052,9.09
-60,B0:B4:48:BC:63:07,145858967052,9.09
-60,B0:B4:48:BC:63:07,145858967104,9.09
-60,B0:B4:48:BC:63:07,145858967104,9.09
-66,B0:B4:48:BC:63:07,145858967104,11.82
-60,B0:B4:48:BC:63:07,145858967104,9.09
-60,B0:B4:48:BC:63:07,145858967104,9.09
-60,B0:B4:48:BC:63:07,145858967104,9.09
-60,B0:B4:48:BC:63:07,145858967104,9.09
-61,B0:B4:48:BC:63:07,145858967104,9.55
-60,B0:B4:48:BC:63:07,145858967166,9.09
-61,B0:B4:48:BC:63:07,145858967166,9.55
-61,B0:B4:48:BC:63:07,145858967166,9.55
-61,B0:B4:48:BC:63:07,145858967166,9.55
-61,B0:B4:48:BC:63:07,145858967166,9.55
-61,B0:B4:48:BC:63:07,145858967166,9.55
-61,B0:B4:48:BC:63:07,145858967166,9.55
-66,B0:B4:48:BC:63:07,145858967166,11.82
-53,B0:B4:48:BC:63:07,145858967218,5.91
-53,B0:B4:48:BC:63:07,145858967218,5.91
-60,B0:B4:48:BC:63:07,145858967218,9.09
-59,B0:B4:48:BC:63:07,145858967218,8.64
-48,B0:B4:48:BC:63:07,145858967218,3.64
-57,B0:B4:48:BC:63:07,145858967218,7.73
-56,B0:B4:48:BC:63:07,145858967218,7.27
-53,B0:B4:48:BC:63:07,145858967218,5.91
-51,B0:B4:48:BC:63:07,145858967270,5.0
-51,B0:B4:48:BC:63:07,145858967270,5.0
-56,B0:B4:48:BC:63:07,145858967271,7.27
-56,B0:B4:48:BC:63:07,145858967271,7.27
-50,B0:B4:48:BC:63:07,145858967271,4.55
-49,B0:B4:48:BC:63:07,145858967271,4.09
-46,B0:B4:48:BC:63:07,145858967271,2.73
-47,B0:B4:48:BC:63:07,145858967271,3.18
-47,B0:B4:48:BC:63:07,145858967312,3.18
-46,B0:B4:48:BC:63:07,145858967312,2.73
-48,B0:B4:48:BC:63:07,145858967312,3.64
-51,B0:B4:48:BC:63:07,145858967312,5.0
-51,B0:B4:48:BC:63:07,145858967312,5.0
-49,B0:B4:48:BC:63:07,145858967312,4.09
-49,B0:B4:48:BC:63:07,145858967312,4.09
-50,B0:B4:48:BC:63:07,145858967374,4.55
-52,B0:B4:48:BC:63:07,145858967374,5.45
-52,B0:B4:48:BC:63:07,145858967374,5.45
-51,B0:B4:48:BC:63:07,145858967374,5.0
-51,B0:B4:48:BC:63:07,145858967374,5.0
-51,B0:B4:48:BC:63:07,145858967374,5.0
-51,B0:B4:48:BC:63:07,145858967374,5.0
-60,B0:B4:48:BC:63:07,145858967374,9.09
-60,B0:B4:48:BC:63:07,145858967415,9.09
-57,B0:B4:48:BC:63:07,145858967415,7.73
-57,B0:B4:48:BC:63:07,145858967415,7.73
-67,B0:B4:48:BC:63:07,145858967415,12.27
-67,B0:B4:48:BC:63:07,145858967415,12.27
-46,B0:B4:48:BC:63:07,145858967415,2.73
-46,B0:B4:48:BC:63:07,145858967415,2.73
-48,B0:B4:48:BC:63:07,145858967416,3.64
-47,B0:B4:48:BC:63:07,145858967457,3.18
-37,B0:B4:48:BC:63:07,145858967457,-1.36
-37,B0:B4:48:BC:63:07,145858967457,-1.36
-39,B0:B4:48:BC:63:07,145858967457,-0.45
-38,B0:B4:48:BC:63:07,145858967457,-0.91
-37,B0:B4:48:BC:63:07,145858967457,-1.36
-37,B0:B4:48:BC:63:07,145858967457,-1.36
-42,B0:B4:48:BC:63:07,145858967457,0.91
-41,B0:B4:48:BC:63:07,145858967529,0.45
-42,B0:B4:48:BC:63:07,145858967529,0.91
-42,B0:B4:48:BC:63:07,145858967529,0.91
-37,B0:B4:48:BC:63:07,145858967529,-1.36
-42,B0:B4:48:BC:63:07,145858967529,0.91
-42,B0:B4:48:BC:63:07,145858967530,0.91
-40,B0:B4:48:BC:63:07,145858967530,0.0
-40,B0:B4:48:BC:63:07,145858967530,0.0
-41,B0:B4:48:BC:63:07,145858967582,0.45
-41,B0:B4:48:BC:63:07,145858967582,0.45
-42,B0:B4:48:BC:63:07,145858967582,0.91
-41,B0:B4:48:BC:63:07,145858967582,0.45
-41,B0:B4:48:BC:63:07,145858967582,0.45
-43,B0:B4:48:BC:63:07,145858967582,1.36
-43,B0:B4:48:BC:63:07,145858967582,1.36
-46,B0:B4:48:BC:63:07,145858967582,2.73
-47,B0:B4:48:BC:63:07,145858967623,3.18
-45,B0:B4:48:BC:63:07,145858967623,2.27
-45,B0:B4:48:BC:63:07,145858967623,2.27
-41,B0:B4:48:BC:63:07,145858967623,0.45
-41,B0:B4:48:BC:63:07,145858967623,0.45
-45,B0:B4:48:BC:63:07,145858967623,2.27
-46,B0:B4:48:BC:63:07,145858967623,2.73
-41,B0:B4:48:BC:63:07,145858967623,0.45
-41,B0:B4:48:BC:63:07,145858967686,0.45
-42,B0:B4:48:BC:63:07,145858967686,0.91
-42,B0:B4:48:BC:63:07,145858967686,0.91
-41,B0:B4:48:BC:63:07,145858967686,0.45
-41,B0:B4:48:BC:63:07,145858967686,0.45
-40,B0:B4:48:BC:63:07,145858967686,0.0
-41,B0:B4:48:BC:63:07,145858967686,0.45
-39,B0:B4:48:BC:63:07,145858967686,-0.45
-40,B0:B4:48:BC:63:07,145858967727,0.0
-44,B0:B4:48:BC:63:07,145858967727,1.82
-43,B0:B4:48:BC:63:07,145858967727,1.36
-39,B0:B4:48:BC:63:07,145858967727,-0.45
-40,B0:B4:48:BC:63:07,145858967727,0.0
-39,B0:B4:48:BC:63:07,145858967728,-0.45
-40,B0:B4:48:BC:63:07,145858967728,0.0
-44,B0:B4:48:BC:63:07,145858967728,1.82
-44,B0:B4:48:BC:63:07,145858967769,1.82
-40,B0:B4:48:BC:63:07,145858967769,0.0
-40,B0:B4:48:BC:63:07,145858967769,0.0
-45,B0:B4:48:BC:63:07,145858967769,2.27
-45,B0:B4:48:BC:63:07,145858967769,2.27
-41,B0:B4:48:BC:63:07,145858967769,0.45
-41,B0:B4:48:BC:63:07,145858967769,0.45
-43,B0:B4:48:BC:63:07,145858967769,1.36
-43,B0:B4:48:BC:63:07,145858967843,1.36
-43,B0:B4:48:BC:63:07,145858967843,1.36
-43,B0:B4:48:BC:63:07,145858967843,1.36
-46,B0:B4:48:BC:63:07,145858967843,2.73
-43,B0:B4:48:BC:63:07,145858967843,1.36
-42,B0:B4:48:BC:63:07,145858967843,0.91
-42,B0:B4:48:BC:63:07,145858967843,0.91
-45,B0:B4:48:BC:63:07,145858967843,2.27
-42,B0:B4:48:BC:63:07,145858967884,0.91
-42,B0:B4:48:BC:63:07,145858967884,0.91
-42,B0:B4:48:BC:63:07,145858967884,0.91
-42,B0:B4:48:BC:63:07,145858967884,0.91
-41,B0:B4:48:BC:63:07,145858967884,0.45
-41,B0:B4:48:BC:63:07,145858967885,0.45
-42,B0:B4:48:BC:63:07,145858967885,0.91
-42,B0:B4:48:BC:63:07,145858967885,0.91
-45,B0:B4:48:BC:63:07,145858967926,2.27
-45,B0:B4:48:BC:63:07,145858967926,2.27
-42,B0:B4:48:BC:63:07,145858967926,0.91
-42,B0:B4:48:BC:63:07,145858967926,0.91
-45,B0:B4:48:BC:63:07,145858967926,2.27
-46,B0:B4:48:BC:63:07,145858967927,2.73
-42,B0:B4:48:BC:63:07,145858967927,0.91
-42,B0:B4:48:BC:63:07,145858967927,0.91
-45,B0:B4:48:BC:63:07,145858967967,2.27
-45,B0:B4:48:BC:63:07,145858967967,2.27
-41,B0:B4:48:BC:63:07,145858967967,0.45
-41,B0:B4:48:BC:63:07,145858967968,0.45
-42,B0:B4:48:BC:63:07,145858967968,0.91
-42,B0:B4:48:BC:63:07,145858967968,0.91
-39,B0:B4:48:BC:63:07,145858967968,-0.45
-38,B0:B4:48:BC:63:07,145858967968,-0.91
-40,B0:B4:48:BC:63:07,145858968011,0.0
-40,B0:B4:48:BC:63:07,145858968011,0.0
-47,B0:B4:48:BC:63:07,145858968011,3.18
-51,B0:B4:48:BC:63:07,145858968011,5.0
-50,B0:B4:48:BC:63:07,145858968011,4.55
-56,B0:B4:48:BC:63:07,145858968011,7.27
-56,B0:B4:48:BC:63:07,145858968011,7.27
-55,B0:B4:48:BC:63:07,145858968011,6.82
-55,B0:B4:48:BC:63:07,145858968051,6.82
-62,B0:B4:48:BC:63:07,145858968051,10.0
-62,B0:B4:48:BC:63:07,145858968051,10.0
-56,B0:B4:48:BC:63:07,145858968051,7.27
-56,B0:B4:48:BC:63:07,145858968051,7.27
-65,B0:B4:48:BC:63:07,145858968051,11.36
-65,B0:B4:48:BC:63:07,145858968051,11.36
-68,B0:B4:48:BC:63:07,145858968051,12.73
-68,B0:B4:48:BC:63:07,145858968104,12.73
-57,B0:B4:48:BC:63:07,145858968104,7.73
-57,B0:B4:48:BC:63:07,145858968104,7.73
-59,B0:B4:48:BC:63:07,145858968104,8.64
-51,B0:B4:48:BC:63:07,145858968104,5.0
-51,B0:B4:48:BC:63:07,145858968104,5.0
-50,B0:B4:48:BC:63:07,145858968105,4.55
-50,B0:B4:48:BC:63:07,145858968105,4.55
-51,B0:B4:48:BC:63:07,145858968157,5.0
-50,B0:B4:48:BC:63:07,145858968157,4.55
-50,B0:B4:48:BC:63:07,145858968157,4.55
-54,B0:B4:48:BC:63:07,145858968157,6.36
-54,B0:B4:48:BC:63:07,145858968157,6.36
-50,B0:B4:48:BC:63:07,145858968157,4.55
-50,B0:B4:48:BC:63:07,145858968157,4.55
-54,B0:B4:48:BC:63:07,145858968157,6.36
-54,B0:B4:48:BC:63:07,145858968189,6.36
-50,B0:B4:48:BC:63:07,145858968189,4.55
-50,B0:B4:48:BC:63:07,145858968189,4.55
-54,B0:B4:48:BC:63:07,145858968189,6.36
-54,B0:B4:48:BC:63:07,145858968189,6.36
-50,B0:B4:48:BC:63:07,145858968189,4.55
-50,B0:B4:48:BC:63:07,145858968189,4.55
-50,B0:B4:48:BC:63:07,145858968189,4.55
-50,B0:B4:48:BC:63:07,145858968231,4.55
-54,B0:B4:48:BC:63:07,145858968231,6.36
-54,B0:B4:48:BC:63:07,145858968231,6.36
-50,B0:B4:48:BC:63:07,145858968231,4.55
-50,B0:B4:48:BC:63:07,145858968231,4.55
-54,B0:B4:48:BC:63:07,145858968231,6.36
-53,B0:B4:48:BC:63:07,145858968231,5.91
-50,B0:B4:48:BC:63:07,145858968231,4.55
-50,B0:B4:48:BC:63:07,145858968283,4.55
-50,B0:B4:48:BC:63:07,145858968283,4.55
-50,B0:B4:48:BC:63:07,145858968283,4.55
-49,B0:B4:48:BC:63:07,145858968283,4.09
-50,B0:B4:48:BC:63:07,145858968283,4.55
-50,B0:B4:48:BC:63:07,145858968283,4.55
-50,B0:B4:48:BC:63:07,145858968283,4.55
-50,B0:B4:48:BC:63:07,145858968283,4.55
-50,B0:B4:48:BC:63:07,145858968325,4.55
-50,B0:B4:48:BC:63:07,145858968325,4.55
-50,B0:B4:48:BC:63:07,145858968325,4.55
-54,B0:B4:48:BC:63:07,145858968325,6.36
-54,B0:B4:48:BC:63:07,145858968325,6.36
-50,B0:B4:48:BC:63:07,145858968325,4.55
-50,B0:B4:48:BC:63:07,145858968325,4.55
-50,B0:B4:48:BC:63:07,145858968325,4.55
-50,B0:B4:48:BC:63:07,145858968377,4.55
-50,B0:B4:48:BC:63:07,145858968377,4.55
-50,B0:B4:48:BC:63:07,145858968377,4.55
-54,B0:B4:48:BC:63:07,145858968377,6.36
-54,B0:B4:48:BC:63:07,145858968377,6.36
-50,B0:B4:48:BC:63:07,145858968377,4.55
-50,B0:B4:48:BC:63:07,145858968378,4.55
-54,B0:B4:48:BC:63:07,145858968378,6.36
-54,B0:B4:48:BC:63:07,145858968430,6.36
-50,B0:B4:48:BC:63:07,145858968430,4.55
-50,B0:B4:48:BC:63:07,145858968430,4.55
-49,B0:B4:48:BC:63:07,145858968430,4.09
-49,B0:B4:48:BC:63:07,145858968430,4.09
-50,B0:B4:48:BC:63:07,145858968430,4.55
-50,B0:B4:48:BC:63:07,145858968430,4.55
-49,B0:B4:48:BC:63:07,145858968430,4.09
-49,B0:B4:48:BC:63:07,145858968481,4.09
-50,B0:B4:48:BC:63:07,145858968481,4.55
-50,B0:B4:48:BC:63:07,145858968481,4.55
-54,B0:B4:48:BC:63:07,145858968481,6.36
-53,B0:B4:48:BC:63:07,145858968481,5.91
-53,B0:B4:48:BC:63:07,145858968481,5.91
-53,B0:B4:48:BC:63:07,145858968481,5.91
-72,B0:B4:48:BC:63:07,145858968481,14.55
-66,B0:B4:48:BC:63:07,145858968533,11.82
-66,B0:B4:48:BC:63:07,145858968533,11.82
-65,B0:B4:48:BC:63:07,145858968533,11.36
-65,B0:B4:48:BC:63:07,145858968533,11.36
-77,B0:B4:48:BC:63:07,145858968533,16.82
-77,B0:B4:48:BC:63:07,145858968533,16.82
-64,B0:B4:48:BC:63:07,145858968533,10.91
-64,B0:B4:48:BC:63:07,145858968533,10.91
-61,B0:B4:48:BC:63:07,145858968618,9.55
-64,B0:B4:48:BC:63:07,145858968618,10.91
-64,B0:B4:48:BC:63:07,145858968618,10.91
-72,B0:B4:48:BC:63:07,145858968618,14.55
-71,B0:B4:48:BC:63:07,145858968618,14.09
-69,B0:B4:48:BC:63:07,145858968618,13.18
-64,B0:B4:48:BC:63:07,145858968619,10.91
-64,B0:B4:48:BC:63:07,145858968619,10.91
-64,B0:B4:48:BC:63:07,145858968659,10.91
-64,B0:B4:48:BC:63:07,145858968659,10.91
-75,B0:B4:48:BC:63:07,145858968659,15.91
-75,B0:B4:48:BC:63:07,145858968660,15.91
-62,B0:B4:48:BC:63:07,145858968660,10.0
-62,B0:B4:48:BC:63:07,145858968660,10.0
-79,B0:B4:48:BC:63:07,145858968660,17.73
-78,B0:B4:48:BC:63:07,145858968660,17.27
-60,B0:B4:48:BC:63:07,145858968702,9.09
-60,B0:B4:48:BC:63:07,145858968702,9.09
-64,B0:B4:48:BC:63:07,145858968702,10.91
-74,B0:B4:48:BC:63:07,145858968702,15.45
-73,B0:B4:48:BC:63:07,145858968703,15.0
-68,B0:B4:48:BC:63:07,145858968703,12.73
-62,B0:B4:48:BC:63:07,145858968703,10.0
-67,B0:B4:48:BC:63:07,145858968754,12.27
-67,B0:B4:48:BC:63:07,145858968754,12.27
-60,B0:B4:48:BC:63:07,145858968754,9.09
-71,B0:B4:48:BC:63:07,145858968754,14.09
-71,B0:B4:48:BC:63:07,145858968754,14.09
-63,B0:B4:48:BC:63:07,145858968754,10.45
-62,B0:B4:48:BC:63:07,145858968754,10.0
-63,B0:B4:48:BC:63:07,145858968755,10.45
-70,B0:B4:48:BC:63:07,145858968798,13.64
-69,B0:B4:48:BC:63:07,145858968798,13.18
-67,B0:B4:48:BC:63:07,145858968798,12.27
-61,B0:B4:48:BC:63:07,145858968798,9.55
-61,B0:B4:48:BC:63:07,145858968798,9.55
-69,B0:B4:48:BC:63:07,145858968798,13.18
-69,B0:B4:48:BC:63:07,145858968798,13.18
-60,B0:B4:48:BC:63:07,145858968798,9.09
-59,B0:B4:48:BC:63:07,145858968849,8.64
-63,B0:B4:48:BC:63:07,145858968849,10.45
-63,B0:B4:48:BC:63:07,145858968849,10.45
-60,B0:B4:48:BC:63:07,145858968849,9.09
-60,B0:B4:48:BC:63:07,145858968849,9.09
-59,B0:B4:48:BC:63:07,145858968849,8.64
-61,B0:B4:48:BC:63:07,145858968849,9.55
-61,B0:B4:48:BC:63:07,145858968849,9.55
-60,B0:B4:48:BC:63:07,145858968903,9.09
-58,B0:B4:48:BC:63:07,145858968903,8.18
-57,B0:B4:48:BC:63:07,145858968903,7.73
-62,B0:B4:48:BC:63:07,145858968903,10.0
-62,B0:B4:48:BC:63:07,145858968903,10.0
-59,B0:B4:48:BC:63:07,145858968903,8.64
-59,B0:B4:48:BC:63:07,145858968903,8.64
-63,B0:B4:48:BC:63:07,145858968903,10.45
-63,B0:B4:48:BC:63:07,145858968955,10.45
-62,B0:B4:48:BC:63:07,145858968955,10.0
-62,B0:B4:48:BC:63:07,145858968955,10.0
-62,B0:B4:48:BC:63:07,145858968955,10.0
-62,B0:B4:48:BC:63:07,145858968955,10.0
-58,B0:B4:48:BC:63:07,145858968955,8.18
-58,B0:B4:48:BC:63:07,145858968955,8.18
-59,B0:B4:48:BC:63:07,145858968955,8.64
-59,B0:B4:48:BC:63:07,145858969017,8.64
-60,B0:B4:48:BC:63:07,145858969017,9.09
-60,B0:B4:48:BC:63:07,145858969017,9.09
-61,B0:B4:48:BC:63:07,145858969017,9.55
-60,B0:B4:48:BC:63:07,145858969017,9.09
-62,B0:B4:48:BC:63:07,145858969017,10.0
-62,B0:B4:48:BC:63:07,145858969017,10.0
-62,B0:B4:48:BC:63:07,145858969017,10.0
-64,B0:B4:48:BC:63:07,145858969048,10.91
-64,B0:B4:48:BC:63:07,145858969048,10.91
-65,B0:B4:48:BC:63:07,145858969048,11.36
-65,B0:B4:48:BC:63:07,145858969048,11.36
-74,B0:B4:48:BC:63:07,145858969048,15.45
-74,B0:B4:48:BC:63:07,145858969048,15.45
-72,B0:B4:48:BC:63:07,145858969048,14.55
-69,B0:B4:48:BC:63:07,145858969080,13.18
-69,B0:B4:48:BC:63:07,145858969080,13.18
-70,B0:B4:48:BC:63:07,145858969080,13.64
-70,B0:B4:48:BC:63:07,145858969081,13.64
-74,B0:B4:48:BC:63:07,145858969081,15.45
-74,B0:B4:48:BC:63:07,145858969081,15.45
-67,B0:B4:48:BC:63:07,145858969081,12.27
-67,B0:B4:48:BC:63:07,145858969081,12.27
-67,B0:B4:48:BC:63:07,145858969132,12.27
-78,B0:B4:48:BC:63:07,145858969132,17.27
-78,B0:B4:48:BC:63:07,145858969132,17.27
-63,B0:B4:48:BC:63:07,145858969132,10.45
-63,B0:B4:48:BC:63:07,145858969132,10.45
-68,B0:B4:48:BC:63:07,145858969132,12.73
-67,B0:B4:48:BC:63:07,145858969132,12.27
-58,B0:B4:48:BC:63:07,145858969132,8.18
-56,B0:B4:48:BC:63:07,145858969185,7.27
-56,B0:B4:48:BC:63:07,145858969185,7.27
-56,B0:B4:48:BC:63:07,145858969185,7.27
-56,B0:B4:48:BC:63:07,145858969185,7.27
-62,B0:B4:48:BC:63:07,145858969185,10.0
-56,B0:B4:48:BC:63:07,145858969185,7.27
-56,B0:B4:48:BC:63:07,145858969185,7.27
-63,B0:B4:48:BC:63:07,145858969185,10.45
-62,B0:B4:48:BC:63:07,145858969238,10.0
-51,B0:B4:48:BC:63:07,145858969238,5.0
-51,B0:B4:48:BC:63:07,145858969238,5.0
-52,B0:B4:48:BC:63:07,145858969238,5.45
-52,B0:B4:48:BC:63:07,145858969238,5.45
-46,B0:B4:48:BC:63:07,145858969238,2.73
-46,B0:B4:48:BC:63:07,145858969238,2.73
-45,B0:B4:48:BC:63:07,145858969238,2.27
-45,B0:B4:48:BC:63:07,145858969279,2.27
-48,B0:B4:48:BC:63:07,145858969279,3.64
-47,B0:B4:48:BC:63:07,145858969279,3.18
-48,B0:B4:48:BC:63:07,145858969279,3.64
-48,B0:B4:48:BC:63:07,145858969279,3.64
-51,B0:B4:48:BC:63:07,145858969280,5.0
-51,B0:B4:48:BC:63:07,145858969280,5.0
-47,B0:B4:48:BC:63:07,145858969280,3.18
-47,B0:B4:48:BC:63:07,145858969333,3.18
-49,B0:B4:48:BC:63:07,145858969333,4.09
-49,B0:B4:48:BC:63:07,145858969333,4.09
-51,B0:B4:48:BC:63:07,145858969333,5.0
-51,B0:B4:48:BC:63:07,145858969333,5.0
-48,B0:B4:48:BC:63:07,145858969333,3.64
-48,B0:B4:48:BC:63:07,145858969333,3.64
-48,B0:B4:48:BC:63:07,145858969333,3.64
-53,B0:B4:48:BC:63:07,145858969396,5.91
-53,B0:B4:48:BC:63:07,145858969396,5.91
-51,B0:B4:48:BC:63:07,145858969396,5.0
-53,B0:B4:48:BC:63:07,145858969396,5.91
-53,B0:B4:48:BC:63:07,145858969396,5.91
-49,B0:B4:48:BC:63:07,145858969396,4.09
-49,B0:B4:48:BC:63:07,145858969396,4.09
-53,B0:B4:48:BC:63:07,145858969396,5.91
-48,B0:B4:48:BC:63:07,145858969468,3.64
-50,B0:B4:48:BC:63:07,145858969468,4.55
-50,B0:B4:48:BC:63:07,145858969468,4.55
-49,B0:B4:48:BC:63:07,145858969468,4.09
-49,B0:B4:48:BC:63:07,145858969468,4.09
-51,B0:B4:48:BC:63:07,145858969469,5.0
-50,B0:B4:48:BC:63:07,145858969469,4.55
-52,B0:B4:48:BC:63:07,145858969469,5.45
-56,B0:B4:48:BC:63:07,145858969510,7.27
-55,B0:B4:48:BC:63:07,145858969510,6.82
-50,B0:B4:48:BC:63:07,145858969510,4.55
-54,B0:B4:48:BC:63:07,145858969510,6.36
-54,B0:B4:48:BC:63:07,145858969510,6.36
-50,B0:B4:48:BC:63:07,145858969510,4.55
-50,B0:B4:48:BC:63:07,145858969510,4.55
-50,B0:B4:48:BC:63:07,145858969510,4.55
-50,B0:B4:48:BC:63:07,145858969552,4.55
-53,B0:B4:48:BC:63:07,145858969552,5.91
-53,B0:B4:48:BC:63:07,145858969552,5.91
-50,B0:B4:48:BC:63:07,145858969552,4.55
-50,B0:B4:48:BC:63:07,145858969552,4.55
-49,B0:B4:48:BC:63:07,145858969552,4.09
-49,B0:B4:48:BC:63:07,145858969552,4.09
-50,B0:B4:48:BC:63:07,145858969552,4.55
-50,B0:B4:48:BC:63:07,145858969614,4.55
-49,B0:B4:48:BC:63:07,145858969614,4.09
-50,B0:B4:48:BC:63:07,145858969614,4.55
-50,B0:B4:48:BC:63:07,145858969614,4.55
-49,B0:B4:48:BC:63:07,145858969614,4.09
-48,B0:B4:48:BC:63:07,145858969614,3.64
-50,B0:B4:48:BC:63:07,145858969614,4.55
-54,B0:B4:48:BC:63:07,145858969677,6.36
-54,B0:B4:48:BC:63:07,145858969677,6.36
-50,B0:B4:48:BC:63:07,145858969677,4.55
-50,B0:B4:48:BC:63:07,145858969677,4.55
-51,B0:B4:48:BC:63:07,145858969677,5.0
-51,B0:B4:48:BC:63:07,145858969677,5.0
-50,B0:B4:48:BC:63:07,145858969677,4.55
-50,B0:B4:48:BC:63:07,145858969677,4.55
-50,B0:B4:48:BC:63:07,145858969740,4.55
-50,B0:B4:48:BC:63:07,145858969740,4.55
-50,B0:B4:48:BC:63:07,145858969740,4.55
-52,B0:B4:48:BC:63:07,145858969740,5.45
-52,B0:B4:48:BC:63:07,145858969740,5.45
-50,B0:B4:48:BC:63:07,145858969740,4.55
-50,B0:B4:48:BC:63:07,145858969740,4.55
-49,B0:B4:48:BC:63:07,145858969740,4.09
-49,B0:B4:48:BC:63:07,145858969782,4.09
-51,B0:B4:48:BC:63:07,145858969782,5.0
-51,B0:B4:48:BC:63:07,145858969782,5.0
-50,B0:B4:48:BC:63:07,145858969782,4.55
-50,B0:B4:48:BC:63:07,145858969782,4.55
-55,B0:B4:48:BC:63:07,145858969783,6.82
-55,B0:B4:48:BC:63:07,145858969783,6.82
-49,B0:B4:48:BC:63:07,145858969783,4.09
-49,B0:B4:48:BC:63:07,145858969835,4.09
-55,B0:B4:48:BC:63:07,145858969835,6.82
-55,B0:B4:48:BC:63:07,145858969835,6.82
-50,B0:B4:48:BC:63:07,145858969835,4.55
-50,B0:B4:48:BC:63:07,145858969835,4.55
-49,B0:B4:48:BC:63:07,145858969835,4.09
-49,B0:B4:48:BC:63:07,145858969835,4.09
-56,B0:B4:48:BC:63:07,145858969835,7.27
-56,B0:B4:48:BC:63:07,145858969886,7.27
-51,B0:B4:48:BC:63:07,145858969886,5.0
-56,B0:B4:48:BC:63:07,145858969886,7.27
-56,B0:B4:48:BC:63:07,145858969886,7.27
-51,B0:B4:48:BC:63:07,145858969886,5.0
-51,B0:B4:48:BC:63:07,145858969886,5.0
-56,B0:B4:48:BC:63:07,145858969886,7.27
-56,B0:B4:48:BC:63:07,145858969886,7.27
-52,B0:B4:48:BC:63:07,145858969929,5.45
-52,B0:B4:48:BC:63:07,145858969929,5.45
-50,B0:B4:48:BC:63:07,145858969929,4.55
-50,B0:B4:48:BC:63:07,145858969929,4.55
-56,B0:B4:48:BC:63:07,145858969929,7.27
-56,B0:B4:48:BC:63:07,145858969929,7.27
-50,B0:B4:48:BC:63:07,145858969929,4.55
-50,B0:B4:48:BC:63:07,145858969929,4.55
-56,B0:B4:48:BC:63:07,145858969972,7.27
-50,B0:B4:48:BC:63:07,145858969972,4.55
-49,B0:B4:48:BC:63:07,145858969972,4.09
-51,B0:B4:48:BC:63:07,145858969972,5.0
-51,B0:B4:48:BC:63:07,145858969972,5.0
-56,B0:B4:48:BC:63:07,145858969972,7.27
-56,B0:B4:48:BC:63:07,145858969972,7.27
-52,B0:B4:48:BC:63:07,145858969972,5.45
-52,B0:B4:48:BC:63:07,145858970024,5.45
-50,B0:B4:48:BC:63:07,145858970024,4.55
-50,B0:B4:48:BC:63:07,145858970024,4.55
-56,B0:B4:48:BC:63:07,145858970024,7.27
-56,B0:B4:48:BC:63:07,145858970024,7.27
-50,B0:B4:48:BC:63:07,145858970024,4.55
-49,B0:B4:48:BC:63:07,145858970024,4.09
-52,B0:B4:48:BC:63:07,145858970024,5.45
-52,B0:B4:48:BC:63:07,145858970077,5.45
-52,B0:B4:48:BC:63:07,145858970077,5.45
-56,B0:B4:48:BC:63:07,145858970077,7.27
-56,B0:B4:48:BC:63:07,145858970077,7.27
-52,B0:B4:48:BC:63:07,145858970077,5.45
-56,B0:B4:48:BC:63:07,145858970077,7.27
-52,B0:B4:48:BC:63:07,145858970077,5.45
-52,B0:B4:48:BC:63:07,145858970077,5.45
-56,B0:B4:48:BC:63:07,145858970119,7.27
-52,B0:B4:48:BC:63:07,145858970119,5.45
-52,B0:B4:48:BC:63:07,145858970119,5.45
-56,B0:B4:48:BC:63:07,145858970119,7.27
-56,B0:B4:48:BC:63:07,145858970119,7.27
-50,B0:B4:48:BC:63:07,145858970119,4.55
-49,B0:B4:48:BC:63:07,145858970119,4.09
-55,B0:B4:48:BC:63:07,145858970119,6.82
-55,B0:B4:48:BC:63:07,145858970192,6.82
-50,B0:B4:48:BC:63:07,145858970192,4.55
-49,B0:B4:48:BC:63:07,145858970193,4.09
-52,B0:B4:48:BC:63:07,145858970193,5.45
-52,B0:B4:48:BC:63:07,145858970193,5.45
-50,B0:B4:48:BC:63:07,145858970193,4.55
-50,B0:B4:48:BC:63:07,145858970193,4.55
-50,B0:B4:48:BC:63:07,145858970193,4.55
-52,B0:B4:48:BC:63:07,145858970245,5.45
-52,B0:B4:48:BC:63:07,145858970245,5.45
-56,B0:B4:48:BC:63:07,145858970245,7.27
-56,B0:B4:48:BC:63:07,145858970245,7.27
-52,B0:B4:48:BC:63:07,145858970245,5.45
-51,B0:B4:48:BC:63:07,145858970245,5.0
-50,B0:B4:48:BC:63:07,145858970245,4.55
-50,B0:B4:48:BC:63:07,145858970245,4.55
-50,B0:B4:48:BC:63:07,145858970287,4.55
-49,B0:B4:48:BC:63:07,145858970287,4.09
-50,B0:B4:48:BC:63:07,145858970287,4.55
-49,B0:B4:48:BC:63:07,145858970287,4.09
-56,B0:B4:48:BC:63:07,145858970287,7.27
-56,B0:B4:48:BC:63:07,145858970287,7.27
-51,B0:B4:48:BC:63:07,145858970287,5.0
-50,B0:B4:48:BC:63:07,145858970330,4.55
-50,B0:B4:48:BC:63:07,145858970330,4.55
-56,B0:B4:48:BC:63:07,145858970330,7.27
-56,B0:B4:48:BC:63:07,145858970330,7.27
-49,B0:B4:48:BC:63:07,145858970330,4.09
-49,B0:B4:48:BC:63:07,145858970330,4.09
-51,B0:B4:48:BC:63:07,145858970330,5.0
-51,B0:B4:48:BC:63:07,145858970330,5.0
-56,B0:B4:48:BC:63:07,145858970371,7.27
-56,B0:B4:48:BC:63:07,145858970371,7.27
-51,B0:B4:48:BC:63:07,145858970371,5.0
-51,B0:B4:48:BC:63:07,145858970371,5.0
-49,B0:B4:48:BC:63:07,145858970371,4.09
-49,B0:B4:48:BC:63:07,145858970371,4.09
-56,B0:B4:48:BC:63:07,145858970371,7.27
-56,B0:B4:48:BC:63:07,145858970371,7.27
-51,B0:B4:48:BC:63:07,145858970371,5.0
-51,B0:B4:48:BC:63:07,145858970423,5.0
-50,B0:B4:48:BC:63:07,145858970423,4.55
-49,B0:B4:48:BC:63:07,145858970423,4.09
-56,B0:B4:48:BC:63:07,145858970423,7.27
-51,B0:B4:48:BC:63:07,145858970423,5.0
-51,B0:B4:48:BC:63:07,145858970423,5.0
-56,B0:B4:48:BC:63:07,145858970423,7.27
-56,B0:B4:48:BC:63:07,145858970423,7.27
-51,B0:B4:48:BC:63:07,145858970475,5.0
-56,B0:B4:48:BC:63:07,145858970475,7.27
-49,B0:B4:48:BC:63:07,145858970475,4.09
-49,B0:B4:48:BC:63:07,145858970475,4.09
-51,B0:B4:48:BC:63:07,145858970475,5.0
-49,B0:B4:48:BC:63:07,145858970475,4.09
-49,B0:B4:48:BC:63:07,145858970475,4.09
-56,B0:B4:48:BC:63:07,145858970517,7.27
-56,B0:B4:48:BC:63:07,145858970517,7.27
-51,B0:B4:48:BC:63:07,145858970517,5.0
-51,B0:B4:48:BC:63:07,145858970517,5.0
-50,B0:B4:48:BC:63:07,145858970518,4.55
-49,B0:B4:48:BC:63:07,145858970518,4.09
-52,B0:B4:48:BC:63:07,145858970518,5.45
-52,B0:B4:48:BC:63:07,145858970518,5.45
-56,B0:B4:48:BC:63:07,145858970579,7.27
-56,B0:B4:48:BC:63:07,145858970579,7.27
-51,B0:B4:48:BC:63:07,145858970579,5.0
-51,B0:B4:48:BC:63:07,145858970579,5.0
-51,B0:B4:48:BC:63:07,145858970579,5.0
-51,B0:B4:48:BC:63:07,145858970579,5.0
-49,B0:B4:48:BC:63:07,145858970579,4.09
-56,B0:B4:48:BC:63:07,145858970579,7.27
-55,B0:B4:48:BC:63:07,145858970642,6.82
-51,B0:B4:48:BC:63:07,145858970642,5.0
-51,B0:B4:48:BC:63:07,145858970642,5.0
-56,B0:B4:48:BC:63:07,145858970643,7.27
-56,B0:B4:48:BC:63:07,145858970643,7.27
-55,B0:B4:48:BC:63:07,145858970643,6.82
-55,B0:B4:48:BC:63:07,145858970643,6.82
-51,B0:B4:48:BC:63:07,145858970643,5.0
-51,B0:B4:48:BC:63:07,145858970694,5.0
-49,B0:B4:48:BC:63:07,145858970694,4.09
-49,B0:B4:48:BC:63:07,145858970694,4.09
-49,B0:B4:48:BC:63:07,145858970694,4.09
-49,B0:B4:48:BC:63:07,145858970694,4.09
-49,B0:B4:48:BC:63:07,145858970694,4.09
-48,B0:B4:48:BC:63:07,145858970694,3.64
-53,B0:B4:48:BC:63:07,145858970694,5.91
-53,B0:B4:48:BC:63:07,145858970755,5.91
-51,B0:B4:48:BC:63:07,145858970755,5.0
-51,B0:B4:48:BC:63:07,145858970755,5.0
-48,B0:B4:48:BC:63:07,145858970755,3.64
-48,B0:B4:48:BC:63:07,145858970755,3.64
-48,B0:B4:48:BC:63:07,145858970755,3.64
-51,B0:B4:48:BC:63:07,145858970755,5.0
-51,B0:B4:48:BC:63:07,145858970755,5.0
-49,B0:B4:48:BC:63:07,145858970797,4.09
-48,B0:B4:48:BC:63:07,145858970797,3.64
-54,B0:B4:48:BC:63:07,145858970798,6.36
-54,B0:B4:48:BC:63:07,145858970798,6.36
-49,B0:B4:48:BC:63:07,145858970798,4.09
-49,B0:B4:48:BC:63:07,145858970798,4.09
-56,B0:B4:48:BC:63:07,145858970798,7.27
-55,B0:B4:48:BC:63:07,145858970798,6.82
-51,B0:B4:48:BC:63:07,145858970849,5.0
-51,B0:B4:48:BC:63:07,145858970849,5.0
-49,B0:B4:48:BC:63:07,145858970849,4.09
-49,B0:B4:48:BC:63:07,145858970849,4.09
-56,B0:B4:48:BC:63:07,145858970849,7.27
-51,B0:B4:48:BC:63:07,145858970849,5.0
-51,B0:B4:48:BC:63:07,145858970849,5.0
-49,B0:B4:48:BC:63:07,145858970849,4.09
-51,B0:B4:48:BC:63:07,145858970881,5.0
-51,B0:B4:48:BC:63:07,145858970881,5.0
-49,B0:B4:48:BC:63:07,145858970881,4.09
-56,B0:B4:48:BC:63:07,145858970881,7.27
-56,B0:B4:48:BC:63:07,145858970881,7.27
-51,B0:B4:48:BC:63:07,145858970881,5.0
-51,B0:B4:48:BC:63:07,145858970881,5.0
-56,B0:B4:48:BC:63:07,145858970881,7.27
-56,B0:B4:48:BC:63:07,145858970941,7.27
-51,B0:B4:48:BC:63:07,145858970941,5.0
-51,B0:B4:48:BC:63:07,145858970941,5.0
-56,B0:B4:48:BC:63:07,145858970941,7.27
-56,B0:B4:48:BC:63:07,145858970941,7.27
-51,B0:B4:48:BC:63:07,145858970941,5.0
-49,B0:B4:48:BC:63:07,145858970941,4.09
-49,B0:B4:48:BC:63:07,145858970941,4.09
-56,B0:B4:48:BC:63:07,145858970984,7.27
-56,B0:B4:48:BC:63:07,145858970984,7.27
-51,B0:B4:48:BC:63:07,145858970984,5.0
-51,B0:B4:48:BC:63:07,145858970984,5.0
-49,B0:B4:48:BC:63:07,145858970984,4.09
-49,B0:B4:48:BC:63:07,145858970984,4.09
-51,B0:B4:48:BC:63:07,145858970984,5.0
-51,B0:B4:48:BC:63:07,145858970984,5.0
-56,B0:B4:48:BC:63:07,145858971025,7.27
-56,B0:B4:48:BC:63:07,145858971025,7.27
-49,B0:B4:48:BC:63:07,145858971025,4.09
-49,B0:B4:48:BC:63:07,145858971025,4.09
-56,B0:B4:48:BC:63:07,145858971025,7.27
-56,B0:B4:48:BC:63:07,145858971025,7.27
-51,B0:B4:48:BC:63:07,145858971025,5.0
-51,B0:B4:48:BC:63:07,145858971025,5.0
-56,B0:B4:48:BC:63:07,145858971089,7.27
-56,B0:B4:48:BC:63:07,145858971089,7.27
-51,B0:B4:48:BC:63:07,145858971089,5.0
-56,B0:B4:48:BC:63:07,145858971089,7.27
-52,B0:B4:48:BC:63:07,145858971089,5.45
-49,B0:B4:48:BC:63:07,145858971089,4.09
-49,B0:B4:48:BC:63:07,145858971089,4.09
-48,B0:B4:48:BC:63:07,145858971141,3.64
-49,B0:B4:48:BC:63:07,145858971141,4.09
-51,B0:B4:48:BC:63:07,145858971141,5.0
-51,B0:B4:48:BC:63:07,145858971141,5.0
-50,B0:B4:48:BC:63:07,145858971141,4.55
-49,B0:B4:48:BC:63:07,145858971141,4.09
-52,B0:B4:48:BC:63:07,145858971141,5.45
-56,B0:B4:48:BC:63:07,145858971141,7.27
-56,B0:B4:48:BC:63:07,145858971193,7.27
-51,B0:B4:48:BC:63:07,145858971193,5.0
-52,B0:B4:48:BC:63:07,145858971193,5.45
-49,B0:B4:48:BC:63:07,145858971193,4.09
-49,B0:B4:48:BC:63:07,145858971193,4.09
-56,B0:B4:48:BC:63:07,145858971193,7.27
-56,B0:B4:48:BC:63:07,145858971193,7.27
-52,B0:B4:48:BC:63:07,145858971193,5.45
-56,B0:B4:48:BC:63:07,145858971235,7.27
-56,B0:B4:48:BC:63:07,145858971235,7.27
-49,B0:B4:48:BC:63:07,145858971235,4.09
-49,B0:B4:48:BC:63:07,145858971235,4.09
-56,B0:B4:48:BC:63:07,145858971235,7.27
-56,B0:B4:48:BC:63:07,145858971235,7.27
-52,B0:B4:48:BC:63:07,145858971235,5.45
-52,B0:B4:48:BC:63:07,145858971235,5.45
-56,B0:B4:48:BC:63:07,145858971296,7.27
-56,B0:B4:48:BC:63:07,145858971296,7.27
-49,B0:B4:48:BC:63:07,145858971296,4.09
-49,B0:B4:48:BC:63:07,145858971296,4.09
-56,B0:B4:48:BC:63:07,145858971296,7.27
-52,B0:B4:48:BC:63:07,145858971297,5.45
-56,B0:B4:48:BC:63:07,145858971297,7.27
-56,B0:B4:48:BC:63:07,145858971297,7.27
-49,B0:B4:48:BC:63:07,145858971349,4.09
-49,B0:B4:48:BC:63:07,145858971349,4.09
-49,B0:B4:48:BC:63:07,145858971349,4.09
-49,B0:B4:48:BC:63:07,145858971349,4.09
-50,B0:B4:48:BC:63:07,145858971349,4.55
-49,B0:B4:48:BC:63:07,145858971349,4.09
-51,B0:B4:48:BC:63:07,145858971349,5.0
-51,B0:B4:48:BC:63:07,145858971349,5.0
-56,B0:B4:48:BC:63:07,145858971390,7.27
-56,B0:B4:48:BC:63:07,145858971390,7.27
-51,B0:B4:48:BC:63:07,145858971390,5.0
-51,B0:B4:48:BC:63:07,145858971390,5.0
-50,B0:B4:48:BC:63:07,145858971390,4.55
-49,B0:B4:48:BC:63:07,145858971390,4.09
-56,B0:B4:48:BC:63:07,145858971390,7.27
-56,B0:B4:48:BC:63:07,145858971390,7.27
-50,B0:B4:48:BC:63:07,145858971433,4.55
-49,B0:B4:48:BC:63:07,145858971433,4.09
-56,B0:B4:48:BC:63:07,145858971433,7.27
-56,B0:B4:48:BC:63:07,145858971433,7.27
-50,B0:B4:48:BC:63:07,145858971433,4.55
-49,B0:B4:48:BC:63:07,145858971433,4.09
-56,B0:B4:48:BC:63:07,145858971433,7.27
-52,B0:B4:48:BC:63:07,145858971433,5.45
-52,B0:B4:48:BC:63:07,145858971473,5.45
-49,B0:B4:48:BC:63:07,145858971473,4.09
-49,B0:B4:48:BC:63:07,145858971474,4.09
-51,B0:B4:48:BC:63:07,145858971474,5.0
-51,B0:B4:48:BC:63:07,145858971474,5.0
-50,B0:B4:48:BC:63:07,145858971474,4.55
-49,B0:B4:48:BC:63:07,145858971474,4.09
-56,B0:B4:48:BC:63:07,145858971474,7.27
-56,B0:B4:48:BC:63:07,145858971527,7.27
-52,B0:B4:48:BC:63:07,145858971527,5.45
-52,B0:B4:48:BC:63:07,145858971527,5.45
-56,B0:B4:48:BC:63:07,145858971527,7.27
-56,B0:B4:48:BC:63:07,145858971527,7.27
-50,B0:B4:48:BC:63:07,145858971527,4.55
-49,B0:B4:48:BC:63:07,145858971527,4.09
-50,B0:B4:48:BC:63:07,145858971527,4.55
-49,B0:B4:48:BC:63:07,145858971570,4.09
-52,B0:B4:48:BC:63:07,145858971570,5.45
-52,B0:B4:48:BC:63:07,145858971570,5.45
-56,B0:B4:48:BC:63:07,145858971570,7.27
-56,B0:B4:48:BC:63:07,145858971570,7.27
-56,B0:B4:48:BC:63:07,145858971570,7.27
-56,B0:B4:48:BC:63:07,145858971570,7.27
-50,B0:B4:48:BC:63:07,145858971570,4.55
-49,B0:B4:48:BC:63:07,145858971612,4.09
-52,B0:B4:48:BC:63:07,145858971612,5.45
-52,B0:B4:48:BC:63:07,145858971612,5.45
-50,B0:B4:48:BC:63:07,145858971612,4.55
-49,B0:B4:48:BC:63:07,145858971613,4.09
-52,B0:B4:48:BC:63:07,145858971613,5.45
-52,B0:B4:48:BC:63:07,145858971613,5.45
-56,B0:B4:48:BC:63:07,145858971613,7.27
-56,B0:B4:48:BC:63:07,145858971654,7.27
-52,B0:B4:48:BC:63:07,145858971654,5.45
-52,B0:B4:48:BC:63:07,145858971654,5.45
-54,B0:B4:48:BC:63:07,145858971654,6.36
-56,B0:B4:48:BC:63:07,145858971654,7.27
-52,B0:B4:48:BC:63:07,145858971654,5.45
-52,B0:B4:48:BC:63:07,145858971654,5.45
-49,B0:B4:48:BC:63:07,145858971654,4.09
-49,B0:B4:48:BC:63:07,145858971727,4.09
-50,B0:B4:48:BC:63:07,145858971727,4.55
-49,B0:B4:48:BC:63:07,145858971727,4.09
-56,B0:B4:48:BC:63:07,145858971727,7.27
-56,B0:B4:48:BC:63:07,145858971727,7.27
-52,B0:B4:48:BC:63:07,145858971727,5.45
-52,B0:B4:48:BC:63:07,145858971727,5.45
-50,B0:B4:48:BC:63:07,145858971727,4.55
-50,B0:B4:48:BC:63:07,145858971780,4.55
-52,B0:B4:48:BC:63:07,145858971780,5.45
-51,B0:B4:48:BC:63:07,145858971780,5.0
-56,B0:B4:48:BC:63:07,145858971780,7.27
-50,B0:B4:48:BC:63:07,145858971780,4.55
-49,B0:B4:48:BC:63:07,145858971780,4.09
-56,B0:B4:48:BC:63:07,145858971780,7.27
-56,B0:B4:48:BC:63:07,145858971780,7.27
-52,B0:B4:48:BC:63:07,145858971831,5.45
-52,B0:B4:48:BC:63:07,145858971831,5.45
-56,B0:B4:48:BC:63:07,145858971831,7.27
-56,B0:B4:48:BC:63:07,145858971831,7.27
-52,B0:B4:48:BC:63:07,145858971831,5.45
-52,B0:B4:48:BC:63:07,145858971831,5.45
-56,B0:B4:48:BC:63:07,145858971831,7.27
-56,B0:B4:48:BC:63:07,145858971831,7.27
-51,B0:B4:48:BC:63:07,145858971873,5.0
-51,B0:B4:48:BC:63:07,145858971873,5.0
-50,B0:B4:48:BC:63:07,145858971873,4.55
-49,B0:B4:48:BC:63:07,145858971873,4.09
-51,B0:B4:48:BC:63:07,145858971873,5.0
-51,B0:B4:48:BC:63:07,145858971873,5.0
-50,B0:B4:48:BC:63:07,145858971873,4.55
-49,B0:B4:48:BC:63:07,145858971873,4.09
-51,B0:B4:48:BC:63:07,145858971915,5.0
-51,B0:B4:48:BC:63:07,145858971915,5.0
-49,B0:B4:48:BC:63:07,145858971915,4.09
-49,B0:B4:48:BC:63:07,145858971915,4.09
-51,B0:B4:48:BC:63:07,145858971915,5.0
-51,B0:B4:48:BC:63:07,145858971915,5.0
-56,B0:B4:48:BC:63:07,145858971915,7.27
-55,B0:B4:48:BC:63:07,145858971915,6.82
-51,B0:B4:48:BC:63:07,145858971957,5.0
-51,B0:B4:48:BC:63:07,145858971957,5.0
-56,B0:B4:48:BC:63:07,145858971957,7.27
-56,B0:B4:48:BC:63:07,145858971957,7.27
-51,B0:B4:48:BC:63:07,145858971957,5.0
-51,B0:B4:48:BC:63:07,145858971957,5.0
-51,B0:B4:48:BC:63:07,145858971957,5.0
-51,B0:B4:48:BC:63:07,145858971957,5.0
-56,B0:B4:48:BC:63:07,145858972010,7.27
-55,B0:B4:48:BC:63:07,145858972010,6.82
-49,B0:B4:48:BC:63:07,145858972010,4.09
-49,B0:B4:48:BC:63:07,145858972010,4.09
-51,B0:B4:48:BC:63:07,145858972010,5.0
-51,B0:B4:48:BC:63:07,145858972010,5.0
-49,B0:B4:48:BC:63:07,145858972010,4.09
-51,B0:B4:48:BC:63:07,145858972010,5.0
-51,B0:B4:48:BC:63:07,145858972063,5.0
-56,B0:B4:48:BC:63:07,145858972063,7.27
-56,B0:B4:48:BC:63:07,145858972063,7.27
-51,B0:B4:48:BC:63:07,145858972063,5.0
-51,B0:B4:48:BC:63:07,145858972063,5.0
-56,B0:B4:48:BC:63:07,145858972063,7.27
-56,B0:B4:48:BC:63:07,145858972063,7.27
-51,B0:B4:48:BC:63:07,145858972063,5.0
-56,B0:B4:48:BC:63:07,145858972106,7.27
-56,B0:B4:48:BC:63:07,145858972106,7.27
-52,B0:B4:48:BC:63:07,145858972106,5.45
-52,B0:B4:48:BC:63:07,145858972106,5.45
-50,B0:B4:48:BC:63:07,145858972106,4.55
-50,B0:B4:48:BC:63:07,145858972106,4.55
-52,B0:B4:48:BC:63:07,145858972106,5.45
-52,B0:B4:48:BC:63:07,145858972106,5.45
-56,B0:B4:48:BC:63:07,145858972156,7.27
-56,B0:B4:48:BC:63:07,145858972156,7.27
-52,B0:B4:48:BC:63:07,145858972156,5.45
-51,B0:B4:48:BC:63:07,145858972156,5.0
-50,B0:B4:48:BC:63:07,145858972156,4.55
-49,B0:B4:48:BC:63:07,145858972156,4.09
-49,B0:B4:48:BC:63:07,145858972157,4.09
-49,B0:B4:48:BC:63:07,145858972157,4.09
-56,B0:B4:48:BC:63:07,145858972199,7.27
-56,B0:B4:48:BC:63:07,145858972199,7.27
-51,B0:B4:48:BC:63:07,145858972199,5.0
-51,B0:B4:48:BC:63:07,145858972199,5.0
-56,B0:B4:48:BC:63:07,145858972199,7.27
-56,B0:B4:48:BC:63:07,145858972199,7.27
-51,B0:B4:48:BC:63:07,145858972199,5.0
-50,B0:B4:48:BC:63:07,145858972230,4.55
-49,B0:B4:48:BC:63:07,145858972230,4.09
-56,B0:B4:48:BC:63:07,145858972230,7.27
-56,B0:B4:48:BC:63:07,145858972230,7.27
-51,B0:B4:48:BC:63:07,145858972230,5.0
-51,B0:B4:48:BC:63:07,145858972231,5.0
-50,B0:B4:48:BC:63:07,145858972231,4.55
-49,B0:B4:48:BC:63:07,145858972231,4.09
-51,B0:B4:48:BC:63:07,145858972284,5.0
-52,B0:B4:48:BC:63:07,145858972284,5.45
-56,B0:B4:48:BC:63:07,145858972284,7.27
-56,B0:B4:48:BC:63:07,145858972284,7.27
-50,B0:B4:48:BC:63:07,145858972284,4.55
-49,B0:B4:48:BC:63:07,145858972284,4.09
-50,B0:B4:48:BC:63:07,145858972284,4.55
-49,B0:B4:48:BC:63:07,145858972284,4.09
-52,B0:B4:48:BC:63:07,145858972349,5.45
-52,B0:B4:48:BC:63:07,145858972349,5.45
-56,B0:B4:48:BC:63:07,145858972350,7.27
-56,B0:B4:48:BC:63:07,145858972350,7.27
-50,B0:B4:48:BC:63:07,145858972350,4.55
-49,B0:B4:48:BC:63:07,145858972350,4.09
-52,B0:B4:48:BC:63:07,145858972350,5.45
-55,B0:B4:48:BC:63:07,145858972350,6.82
-50,B0:B4:48:BC:63:07,145858972392,4.55
-49,B0:B4:48:BC:63:07,145858972392,4.09
-56,B0:B4:48:BC:63:07,145858972392,7.27
-56,B0:B4:48:BC:63:07,145858972392,7.27
-50,B0:B4:48:BC:63:07,145858972392,4.55
-49,B0:B4:48:BC:63:07,145858972392,4.09
-51,B0:B4:48:BC:63:07,145858972392,5.0
-51,B0:B4:48:BC:63:07,145858972392,5.0
-56,B0:B4:48:BC:63:07,145858972444,7.27
-56,B0:B4:48:BC:63:07,145858972444,7.27
-56,B0:B4:48:BC:63:07,145858972444,7.27
-56,B0:B4:48:BC:63:07,145858972444,7.27
-51,B0:B4:48:BC:63:07,145858972445,5.0
-51,B0:B4:48:BC:63:07,145858972445,5.0
-56,B0:B4:48:BC:63:07,145858972445,7.27
-56,B0:B4:48:BC:63:07,145858972445,7.27
-51,B0:B4:48:BC:63:07,145858972487,5.0
-51,B0:B4:48:BC:63:07,145858972487,5.0
-50,B0:B4:48:BC:63:07,145858972487,4.55
-49,B0:B4:48:BC:63:07,145858972487,4.09
-56,B0:B4:48:BC:63:07,145858972487,7.27
-50,B0:B4:48:BC:63:07,145858972487,4.55
-50,B0:B4:48:BC:63:07,145858972487,4.55
-56,B0:B4:48:BC:63:07,145858972487,7.27
-56,B0:B4:48:BC:63:07,145858972539,7.27
-52,B0:B4:48:BC:63:07,145858972539,5.45
-52,B0:B4:48:BC:63:07,145858972539,5.45
-56,B0:B4:48:BC:63:07,145858972539,7.27
-56,B0:B4:48:BC:63:07,145858972539,7.27
-52,B0:B4:48:BC:63:07,145858972539,5.45
-51,B0:B4:48:BC:63:07,145858972539,5.0
-52,B0:B4:48:BC:63:07,145858972539,5.45
-52,B0:B4:48:BC:63:07,145858972601,5.45
-56,B0:B4:48:BC:63:07,145858972601,7.27
-56,B0:B4:48:BC:63:07,145858972601,7.27
-52,B0:B4:48:BC:63:07,145858972601,5.45
-52,B0:B4:48:BC:63:07,145858972601,5.45
-55,B0:B4:48:BC:63:07,145858972601,6.82
-52,B0:B4:48:BC:63:07,145858972601,5.45
-52,B0:B4:48:BC:63:07,145858972601,5.45
-56,B0:B4:48:BC:63:07,145858972644,7.27
-56,B0:B4:48:BC:63:07,145858972644,7.27
-52,B0:B4:48:BC:63:07,145858972644,5.45
-52,B0:B4:48:BC:63:07,145858972644,5.45
-48,B0:B4:48:BC:63:07,145858972644,3.64
-50,B0:B4:48:BC:63:07,145858972644,4.55
-52,B0:B4:48:BC:63:07,145858972644,5.45
-56,B0:B4:48:BC:63:07,145858972644,7.27
-56,B0:B4:48:BC:63:07,145858972696,7.27
-52,B0:B4:48:BC:63:07,145858972696,5.45
-52,B0:B4:48:BC:63:07,145858972696,5.45
-56,B0:B4:48:BC:63:07,145858972696,7.27
-56,B0:B4:48:BC:63:07,145858972696,7.27
-52,B0:B4:48:BC:63:07,145858972696,5.45
-52,B0:B4:48:BC:63:07,145858972696,5.45
-52,B0:B4:48:BC:63:07,145858972696,5.45
-52,B0:B4:48:BC:63:07,145858972771,5.45
-50,B0:B4:48:BC:63:07,145858972771,4.55
-52,B0:B4:48:BC:63:07,145858972771,5.45
-52,B0:B4:48:BC:63:07,145858972771,5.45
-56,B0:B4:48:BC:63:07,145858972771,7.27
-56,B0:B4:48:BC:63:07,145858972771,7.27
-50,B0:B4:48:BC:63:07,145858972771,4.55
-49,B0:B4:48:BC:63:07,145858972771,4.09
-56,B0:B4:48:BC:63:07,145858972813,7.27
-56,B0:B4:48:BC:63:07,145858972813,7.27
-52,B0:B4:48:BC:63:07,145858972813,5.45
-52,B0:B4:48:BC:63:07,145858972813,5.45
-56,B0:B4:48:BC:63:07,145858972813,7.27
-56,B0:B4:48:BC:63:07,145858972813,7.27
-50,B0:B4:48:BC:63:07,145858972813,4.55
-50,B0:B4:48:BC:63:07,145858972813,4.55
-51,B0:B4:48:BC:63:07,145858972855,5.0
-51,B0:B4:48:BC:63:07,145858972855,5.0
-50,B0:B4:48:BC:63:07,145858972856,4.55
-50,B0:B4:48:BC:63:07,145858972856,4.55
-52,B0:B4:48:BC:63:07,145858972856,5.45
-52,B0:B4:48:BC:63:07,145858972856,5.45
-50,B0:B4:48:BC:63:07,145858972856,4.55
-56,B0:B4:48:BC:63:07,145858972856,7.27
-56,B0:B4:48:BC:63:07,145858972907,7.27
-52,B0:B4:48:BC:63:07,145858972907,5.45
-50,B0:B4:48:BC:63:07,145858972907,4.55
-49,B0:B4:48:BC:63:07,145858972907,4.09
-54,B0:B4:48:BC:63:07,145858972907,6.36
-56,B0:B4:48:BC:63:07,145858972907,7.27
-52,B0:B4:48:BC:63:07,145858972907,5.45
-52,B0:B4:48:BC:63:07,145858972907,5.45
-56,B0:B4:48:BC:63:07,145858972948,7.27
-56,B0:B4:48:BC:63:07,145858972948,7.27
-50,B0:B4:48:BC:63:07,145858972948,4.55
-50,B0:B4:48:BC:63:07,145858972948,4.55
-56,B0:B4:48:BC:63:07,145858972948,7.27
-56,B0:B4:48:BC:63:07,145858972948,7.27
-52,B0:B4:48:BC:63:07,145858972948,5.45
-52,B0:B4:48:BC:63:07,145858972948,5.45
-50,B0:B4:48:BC:63:07,145858973010,4.55
-50,B0:B4:48:BC:63:07,145858973010,4.55
-50,B0:B4:48:BC:63:07,145858973010,4.55
-52,B0:B4:48:BC:63:07,145858973010,5.45
-52,B0:B4:48:BC:63:07,145858973010,5.45
-50,B0:B4:48:BC:63:07,145858973010,4.55
-49,B0:B4:48:BC:63:07,145858973010,4.09
-56,B0:B4:48:BC:63:07,145858973010,7.27
-56,B0:B4:48:BC:63:07,145858973063,7.27
-50,B0:B4:48:BC:63:07,145858973063,4.55
-50,B0:B4:48:BC:63:07,145858973063,4.55
-50,B0:B4:48:BC:63:07,145858973064,4.55
-50,B0:B4:48:BC:63:07,145858973064,4.55
-52,B0:B4:48:BC:63:07,145858973064,5.45
-52,B0:B4:48:BC:63:07,145858973064,5.45
-56,B0:B4:48:BC:63:07,145858973105,7.27
-56,B0:B4:48:BC:63:07,145858973105,7.27
-52,B0:B4:48:BC:63:07,145858973105,5.45
-52,B0:B4:48:BC:63:07,145858973105,5.45
-50,B0:B4:48:BC:63:07,145858973105,4.55
-50,B0:B4:48:BC:63:07,145858973105,4.55
-56,B0:B4:48:BC:63:07,145858973105,7.27
-56,B0:B4:48:BC:63:07,145858973105,7.27
-50,B0:B4:48:BC:63:07,145858973169,4.55
-50,B0:B4:48:BC:63:07,145858973169,4.55
-50,B0:B4:48:BC:63:07,145858973169,4.55
-50,B0:B4:48:BC:63:07,145858973169,4.55
-50,B0:B4:48:BC:63:07,145858973169,4.55
-50,B0:B4:48:BC:63:07,145858973169,4.55
-52,B0:B4:48:BC:63:07,145858973169,5.45
-52,B0:B4:48:BC:63:07,145858973169,5.45
-50,B0:B4:48:BC:63:07,145858973222,4.55
-50,B0:B4:48:BC:63:07,145858973222,4.55
-48,B0:B4:48:BC:63:07,145858973222,3.64
-52,B0:B4:48:BC:63:07,145858973222,5.45
-52,B0:B4:48:BC:63:07,145858973222,5.45
-50,B0:B4:48:BC:63:07,145858973222,4.55
-50,B0:B4:48:BC:63:07,145858973222,4.55
-56,B0:B4:48:BC:63:07,145858973222,7.27
-56,B0:B4:48:BC:63:07,145858973263,7.27
-52,B0:B4:48:BC:63:07,145858973263,5.45
-52,B0:B4:48:BC:63:07,145858973263,5.45
-56,B0:B4:48:BC:63:07,145858973263,7.27
-56,B0:B4:48:BC:63:07,145858973263,7.27
-52,B0:B4:48:BC:63:07,145858973263,5.45
-52,B0:B4:48:BC:63:07,145858973263,5.45
-50,B0:B4:48:BC:63:07,145858973263,4.55
-50,B0:B4:48:BC:63:07,145858973315,4.55
-56,B0:B4:48:BC:63:07,145858973315,7.27
-56,B0:B4:48:BC:63:07,145858973315,7.27
-50,B0:B4:48:BC:63:07,145858973315,4.55
-50,B0:B4:48:BC:63:07,145858973315,4.55
-55,B0:B4:48:BC:63:07,145858973315,6.82
-50,B0:B4:48:BC:63:07,145858973315,4.55
-50,B0:B4:48:BC:63:07,145858973315,4.55
-56,B0:B4:48:BC:63:07,145858973355,7.27
-56,B0:B4:48:BC:63:07,145858973355,7.27
-52,B0:B4:48:BC:63:07,145858973355,5.45
-52,B0:B4:48:BC:63:07,145858973355,5.45
-50,B0:B4:48:BC:63:07,145858973355,4.55
-50,B0:B4:48:BC:63:07,145858973355,4.55
-50,B0:B4:48:BC:63:07,145858973355,4.55
-52,B0:B4:48:BC:63:07,145858973355,5.45
-52,B0:B4:48:BC:63:07,145858973397,5.45
-52,B0:B4:48:BC:63:07,145858973397,5.45
-50,B0:B4:48:BC:63:07,145858973397,4.55
-50,B0:B4:48:BC:63:07,145858973397,4.55
-52,B0:B4:48:BC:63:07,145858973397,5.45
-52,B0:B4:48:BC:63:07,145858973397,5.45
-50,B0:B4:48:BC:63:07,145858973397,4.55
-50,B0:B4:48:BC:63:07,145858973397,4.55
-56,B0:B4:48:BC:63:07,145858973439,7.27
-56,B0:B4:48:BC:63:07,145858973439,7.27
-50,B0:B4:48:BC:63:07,145858973439,4.55
-50,B0:B4:48:BC:63:07,145858973439,4.55
-56,B0:B4:48:BC:63:07,145858973439,7.27
-50,B0:B4:48:BC:63:07,145858973439,4.55
-50,B0:B4:48:BC:63:07,145858973439,4.55
-56,B0:B4:48:BC:63:07,145858973439,7.27
-56,B0:B4:48:BC:63:07,145858973501,7.27
-52,B0:B4:48:BC:63:07,145858973501,5.45
-50,B0:B4:48:BC:63:07,145858973502,4.55
-50,B0:B4:48:BC:63:07,145858973502,4.55
-50,B0:B4:48:BC:63:07,145858973502,4.55
-50,B0:B4:48:BC:63:07,145858973502,4.55
-52,B0:B4:48:BC:63:07,145858973502,5.45
-52,B0:B4:48:BC:63:07,145858973502,5.45
-48,B0:B4:48:BC:63:07,145858973543,3.64
-50,B0:B4:48:BC:63:07,145858973543,4.55
-56,B0:B4:48:BC:63:07,145858973544,7.27
-56,B0:B4:48:BC:63:07,145858973544,7.27
-50,B0:B4:48:BC:63:07,145858973544,4.55
-50,B0:B4:48:BC:63:07,145858973544,4.55
-52,B0:B4:48:BC:63:07,145858973544,5.45
-52,B0:B4:48:BC:63:07,145858973544,5.45
-50,B0:B4:48:BC:63:07,145858973596,4.55
-50,B0:B4:48:BC:63:07,145858973596,4.55
-52,B0:B4:48:BC:63:07,145858973596,5.45
-52,B0:B4:48:BC:63:07,145858973596,5.45
-50,B0:B4:48:BC:63:07,145858973596,4.55
-50,B0:B4:48:BC:63:07,145858973596,4.55
-50,B0:B4:48:BC:63:07,145858973596,4.55
-56,B0:B4:48:BC:63:07,145858973596,7.27
-56,B0:B4:48:BC:63:07,145858973637,7.27
-56,B0:B4:48:BC:63:07,145858973637,7.27
-56,B0:B4:48:BC:63:07,145858973637,7.27
-52,B0:B4:48:BC:63:07,145858973637,5.45
-52,B0:B4:48:BC:63:07,145858973637,5.45
-56,B0:B4:48:BC:63:07,145858973637,7.27
-56,B0:B4:48:BC:63:07,145858973637,7.27
-52,B0:B4:48:BC:63:07,145858973637,5.45
-52,B0:B4:48:BC:63:07,145858973699,5.45
-56,B0:B4:48:BC:63:07,145858973699,7.27
-56,B0:B4:48:BC:63:07,145858973699,7.27
-50,B0:B4:48:BC:63:07,145858973699,4.55
-50,B0:B4:48:BC:63:07,145858973699,4.55
-50,B0:B4:48:BC:63:07,145858973699,4.55
-50,B0:B4:48:BC:63:07,145858973699,4.55
-56,B0:B4:48:BC:63:07,145858973699,7.27
-56,B0:B4:48:BC:63:07,145858973763,7.27
-50,B0:B4:48:BC:63:07,145858973763,4.55
-50,B0:B4:48:BC:63:07,145858973763,4.55
-56,B0:B4:48:BC:63:07,145858973763,7.27
-56,B0:B4:48:BC:63:07,145858973763,7.27
-50,B0:B4:48:BC:63:07,145858973763,4.55
-50,B0:B4:48:BC:63:07,145858973763,4.55
-56,B0:B4:48:BC:63:07,145858973763,7.27
-56,B0:B4:48:BC:63:07,145858973806,7.27
-50,B0:B4:48:BC:63:07,145858973806,4.55
-50,B0:B4:48:BC:63:07,145858973806,4.55
-52,B0:B4:48:BC:63:07,145858973806,5.45
-52,B0:B4:48:BC:63:07,145858973806,5.45
-50,B0:B4:48:BC:63:07,145858973806,4.55
-50,B0:B4:48:BC:63:07,145858973806,4.55
-52,B0:B4:48:BC:63:07,145858973806,5.45
-52,B0:B4:48:BC:63:07,145858973869,5.45
-50,B0:B4:48:BC:63:07,145858973869,4.55
-50,B0:B4:48:BC:63:07,145858973869,4.55
-52,B0:B4:48:BC:63:07,145858973869,5.45
-52,B0:B4:48:BC:63:07,145858973869,5.45
-50,B0:B4:48:BC:63:07,145858973869,4.55
-50,B0:B4:48:BC:63:07,145858973869,4.55
-50,B0:B4:48:BC:63:07,145858973869,4.55
-56,B0:B4:48:BC:63:07,145858973932,7.27
-50,B0:B4:48:BC:63:07,145858973932,4.55
-52,B0:B4:48:BC:63:07,145858973932,5.45
-52,B0:B4:48:BC:63:07,145858973932,5.45
-50,B0:B4:48:BC:63:07,145858973932,4.55
-50,B0:B4:48:BC:63:07,145858973932,4.55
-50,B0:B4:48:BC:63:07,145858973932,4.55
-50,B0:B4:48:BC:63:07,145858973932,4.55
-56,B0:B4:48:BC:63:07,145858973983,7.27
-50,B0:B4:48:BC:63:07,145858973983,4.55
-49,B0:B4:48:BC:63:07,145858973983,4.09
-56,B0:B4:48:BC:63:07,145858973983,7.27
-51,B0:B4:48:BC:63:07,145858973984,5.0
-56,B0:B4:48:BC:63:07,145858973984,7.27
-55,B0:B4:48:BC:63:07,145858973984,6.82
-51,B0:B4:48:BC:63:07,145858974036,5.0
-51,B0:B4:48:BC:63:07,145858974036,5.0
-50,B0:B4:48:BC:63:07,145858974036,4.55
-49,B0:B4:48:BC:63:07,145858974036,4.09
-56,B0:B4:48:BC:63:07,145858974036,7.27
-55,B0:B4:48:BC:63:07,145858974036,6.82
-50,B0:B4:48:BC:63:07,145858974036,4.55
-49,B0:B4:48:BC:63:07,145858974036,4.09
-50,B0:B4:48:BC:63:07,145858974078,4.55
-49,B0:B4:48:BC:63:07,145858974078,4.09
-56,B0:B4:48:BC:63:07,145858974078,7.27
-55,B0:B4:48:BC:63:07,145858974078,6.82
-51,B0:B4:48:BC:63:07,145858974078,5.0
-51,B0:B4:48:BC:63:07,145858974078,5.0
-56,B0:B4:48:BC:63:07,145858974078,7.27
-56,B0:B4:48:BC:63:07,145858974078,7.27
-50,B0:B4:48:BC:63:07,145858974131,4.55
-49,B0:B4:48:BC:63:07,145858974131,4.09
-56,B0:B4:48:BC:63:07,145858974131,7.27
-56,B0:B4:48:BC:63:07,145858974131,7.27
-50,B0:B4:48:BC:63:07,145858974131,4.55
-49,B0:B4:48:BC:63:07,145858974131,4.09
-51,B0:B4:48:BC:63:07,145858974131,5.0
-51,B0:B4:48:BC:63:07,145858974131,5.0
-56,B0:B4:48:BC:63:07,145858974173,7.27
-56,B0:B4:48:BC:63:07,145858974173,7.27
-51,B0:B4:48:BC:63:07,145858974174,5.0
-52,B0:B4:48:BC:63:07,145858974174,5.45
-56,B0:B4:48:BC:63:07,145858974174,7.27
-56,B0:B4:48:BC:63:07,145858974174,7.27
-52,B0:B4:48:BC:63:07,145858974174,5.45
-56,B0:B4:48:BC:63:07,145858974174,7.27
-56,B0:B4:48:BC:63:07,145858974225,7.27
-51,B0:B4:48:BC:63:07,145858974225,5.0
-51,B0:B4:48:BC:63:07,145858974225,5.0
-50,B0:B4:48:BC:63:07,145858974225,4.55
-50,B0:B4:48:BC:63:07,145858974225,4.55
-52,B0:B4:48:BC:63:07,145858974225,5.45
-52,B0:B4:48:BC:63:07,145858974225,5.45
-50,B0:B4:48:BC:63:07,145858974225,4.55
-50,B0:B4:48:BC:63:07,145858974225,4.55
-56,B0:B4:48:BC:63:07,145858974277,7.27
-52,B0:B4:48:BC:63:07,145858974277,5.45
-50,B0:B4:48:BC:63:07,145858974277,4.55
-50,B0:B4:48:BC:63:07,145858974277,4.55
-50,B0:B4:48:BC:63:07,145858974277,4.55
-52,B0:B4:48:BC:63:07,145858974277,5.45
-56,B0:B4:48:BC:63:07,145858974277,7.27
-56,B0:B4:48:BC:63:07,145858974328,7.27
-52,B0:B4:48:BC:63:07,145858974328,5.45
-52,B0:B4:48:BC:63:07,145858974328,5.45
-50,B0:B4:48:BC:63:07,145858974328,4.55
-50,B0:B4:48:BC:63:07,145858974328,4.55
-56,B0:B4:48:BC:63:07,145858974328,7.27
-50,B0:B4:48:BC:63:07,145858974328,4.55
-50,B0:B4:48:BC:63:07,145858974328,4.55
-56,B0:B4:48:BC:63:07,145858974369,7.27
-50,B0:B4:48:BC:63:07,145858974369,4.55
-50,B0:B4:48:BC:63:07,145858974369,4.55
-56,B0:B4:48:BC:63:07,145858974369,7.27
-56,B0:B4:48:BC:63:07,145858974369,7.27
-52,B0:B4:48:BC:63:07,145858974370,5.45
-52,B0:B4:48:BC:63:07,145858974370,5.45
-56,B0:B4:48:BC:63:07,145858974370,7.27
-56,B0:B4:48:BC:63:07,145858974434,7.27
-50,B0:B4:48:BC:63:07,145858974434,4.55
-50,B0:B4:48:BC:63:07,145858974434,4.55
-56,B0:B4:48:BC:63:07,145858974434,7.27
-56,B0:B4:48:BC:63:07,145858974434,7.27
-52,B0:B4:48:BC:63:07,145858974434,5.45
-52,B0:B4:48:BC:63:07,145858974434,5.45
-56,B0:B4:48:BC:63:07,145858974434,7.27
-56,B0:B4:48:BC:63:07,145858974485,7.27
-50,B0:B4:48:BC:63:07,145858974485,4.55
-52,B0:B4:48:BC:63:07,145858974485,5.45
-51,B0:B4:48:BC:63:07,145858974485,5.0
-51,B0:B4:48:BC:63:07,145858974485,5.0
-50,B0:B4:48:BC:63:07,145858974485,4.55
-49,B0:B4:48:BC:63:07,145858974485,4.09
-56,B0:B4:48:BC:63:07,145858974485,7.27
-55,B0:B4:48:BC:63:07,145858974537,6.82
-49,B0:B4:48:BC:63:07,145858974537,4.09
-49,B0:B4:48:BC:63:07,145858974537,4.09
-49,B0:B4:48:BC:63:07,145858974537,4.09
-49,B0:B4:48:BC:63:07,145858974537,4.09
-49,B0:B4:48:BC:63:07,145858974537,4.09
-49,B0:B4:48:BC:63:07,145858974537,4.09
-56,B0:B4:48:BC:63:07,145858974537,7.27
-55,B0:B4:48:BC:63:07,145858974580,6.82
-51,B0:B4:48:BC:63:07,145858974580,5.0
-51,B0:B4:48:BC:63:07,145858974580,5.0
-56,B0:B4:48:BC:63:07,145858974580,7.27
-55,B0:B4:48:BC:63:07,145858974580,6.82
-49,B0:B4:48:BC:63:07,145858974580,4.09
-49,B0:B4:48:BC:63:07,145858974580,4.09
-51,B0:B4:48:BC:63:07,145858974580,5.0
-51,B0:B4:48:BC:63:07,145858974621,5.0
-49,B0:B4:48:BC:63:07,145858974621,4.09
-49,B0:B4:48:BC:63:07,145858974621,4.09
-51,B0:B4:48:BC:63:07,145858974621,5.0
-51,B0:B4:48:BC:63:07,145858974621,5.0
-49,B0:B4:48:BC:63:07,145858974621,4.09
-49,B0:B4:48:BC:63:07,145858974621,4.09
-55,B0:B4:48:BC:63:07,145858974621,6.82
-55,B0:B4:48:BC:63:07,145858974673,6.82
-54,B0:B4:48:BC:63:07,145858974673,6.36
-55,B0:B4:48:BC:63:07,145858974673,6.82
-51,B0:B4:48:BC:63:07,145858974673,5.0
-51,B0:B4:48:BC:63:07,145858974673,5.0
-49,B0:B4:48:BC:63:07,145858974674,4.09
-49,B0:B4:48:BC:63:07,145858974674,4.09
-51,B0:B4:48:BC:63:07,145858974674,5.0
-51,B0:B4:48:BC:63:07,145858974716,5.0
-49,B0:B4:48:BC:63:07,145858974716,4.09
-49,B0:B4:48:BC:63:07,145858974716,4.09
-51,B0:B4:48:BC:63:07,145858974716,5.0
-51,B0:B4:48:BC:63:07,145858974716,5.0
-49,B0:B4:48:BC:63:07,145858974716,4.09
-49,B0:B4:48:BC:63:07,145858974716,4.09
-51,B0:B4:48:BC:63:07,145858974716,5.0
-51,B0:B4:48:BC:63:07,145858974758,5.0
-55,B0:B4:48:BC:63:07,145858974758,6.82
-55,B0:B4:48:BC:63:07,145858974758,6.82
-49,B0:B4:48:BC:63:07,145858974758,4.09
-49,B0:B4:48:BC:63:07,145858974758,4.09
-56,B0:B4:48:BC:63:07,145858974758,7.27
-55,B0:B4:48:BC:63:07,145858974758,6.82
-55,B0:B4:48:BC:63:07,145858974758,6.82
-55,B0:B4:48:BC:63:07,145858974819,6.82
-51,B0:B4:48:BC:63:07,145858974819,5.0
-51,B0:B4:48:BC:63:07,145858974819,5.0
-49,B0:B4:48:BC:63:07,145858974820,4.09
-49,B0:B4:48:BC:63:07,145858974820,4.09
-49,B0:B4:48:BC:63:07,145858974820,4.09
-49,B0:B4:48:BC:63:07,145858974820,4.09
-49,B0:B4:48:BC:63:07,145858974820,4.09
-49,B0:B4:48:BC:63:07,145858974871,4.09
-56,B0:B4:48:BC:63:07,145858974871,7.27
-55,B0:B4:48:BC:63:07,145858974871,6.82
-51,B0:B4:48:BC:63:07,145858974871,5.0
-56,B0:B4:48:BC:63:07,145858974871,7.27
-55,B0:B4:48:BC:63:07,145858974871,6.82
-51,B0:B4:48:BC:63:07,145858974871,5.0
-51,B0:B4:48:BC:63:07,145858974871,5.0
-49,B0:B4:48:BC:63:07,145858974913,4.09
-49,B0:B4:48:BC:63:07,145858974913,4.09
-56,B0:B4:48:BC:63:07,145858974913,7.27
-51,B0:B4:48:BC:63:07,145858974913,5.0
-51,B0:B4:48:BC:63:07,145858974913,5.0
-56,B0:B4:48:BC:63:07,145858974913,7.27
-56,B0:B4:48:BC:63:07,145858974913,7.27
-51,B0:B4:48:BC:63:07,145858974913,5.0
-51,B0:B4:48:BC:63:07,145858974975,5.0
-55,B0:B4:48:BC:63:07,145858974975,6.82
-55,B0:B4:48:BC:63:07,145858974975,6.82
-56,B0:B4:48:BC:63:07,145858974975,7.27
-55,B0:B4:48:BC:63:07,145858974975,6.82
-56,B0:B4:48:BC:63:07,145858974975,7.27
-56,B0:B4:48:BC:63:07,145858974975,7.27
-51,B0:B4:48:BC:63:07,145858974975,5.0
-51,B0:B4:48:BC:63:07,145858975028,5.0
-49,B0:B4:48:BC:63:07,145858975028,4.09
-49,B0:B4:48:BC:63:07,145858975028,4.09
-56,B0:B4:48:BC:63:07,145858975028,7.27
-49,B0:B4:48:BC:63:07,145858975028,4.09
-49,B0:B4:48:BC:63:07,145858975028,4.09
-55,B0:B4:48:BC:63:07,145858975028,6.82
-55,B0:B4:48:BC:63:07,145858975028,6.82
-51,B0:B4:48:BC:63:07,145858975060,5.0
-51,B0:B4:48:BC:63:07,145858975060,5.0
-55,B0:B4:48:BC:63:07,145858975060,6.82
-55,B0:B4:48:BC:63:07,145858975060,6.82
-51,B0:B4:48:BC:63:07,145858975060,5.0
-49,B0:B4:48:BC:63:07,145858975060,4.09
-49,B0:B4:48:BC:63:07,145858975060,4.09
-56,B0:B4:48:BC:63:07,145858975060,7.27
-55,B0:B4:48:BC:63:07,145858975102,6.82
-49,B0:B4:48:BC:63:07,145858975102,4.09
-49,B0:B4:48:BC:63:07,145858975102,4.09
-55,B0:B4:48:BC:63:07,145858975102,6.82
-55,B0:B4:48:BC:63:07,145858975102,6.82
-51,B0:B4:48:BC:63:07,145858975102,5.0
-49,B0:B4:48:BC:63:07,145858975102,4.09
-49,B0:B4:48:BC:63:07,145858975102,4.09
-55,B0:B4:48:BC:63:07,145858975144,6.82
-55,B0:B4:48:BC:63:07,145858975144,6.82
-49,B0:B4:48:BC:63:07,145858975144,4.09
-49,B0:B4:48:BC:63:07,145858975144,4.09
-56,B0:B4:48:BC:63:07,145858975144,7.27
-55,B0:B4:48:BC:63:07,145858975144,6.82
-49,B0:B4:48:BC:63:07,145858975144,4.09
-49,B0:B4:48:BC:63:07,145858975144,4.09
-49,B0:B4:48:BC:63:07,145858975186,4.09
-49,B0:B4:48:BC:63:07,145858975186,4.09
-51,B0:B4:48:BC:63:07,145858975186,5.0
-51,B0:B4:48:BC:63:07,145858975186,5.0
-55,B0:B4:48:BC:63:07,145858975186,6.82
-55,B0:B4:48:BC:63:07,145858975186,6.82
-51,B0:B4:48:BC:63:07,145858975186,5.0
-51,B0:B4:48:BC:63:07,145858975186,5.0
-49,B0:B4:48:BC:63:07,145858975227,4.09
-49,B0:B4:48:BC:63:07,145858975228,4.09
-51,B0:B4:48:BC:63:07,145858975228,5.0
-51,B0:B4:48:BC:63:07,145858975228,5.0
-49,B0:B4:48:BC:63:07,145858975228,4.09
-49,B0:B4:48:BC:63:07,145858975228,4.09
-51,B0:B4:48:BC:63:07,145858975228,5.0
-51,B0:B4:48:BC:63:07,145858975228,5.0
-49,B0:B4:48:BC:63:07,145858975269,4.09
-49,B0:B4:48:BC:63:07,145858975269,4.09
-56,B0:B4:48:BC:63:07,145858975269,7.27
-55,B0:B4:48:BC:63:07,145858975269,6.82
-51,B0:B4:48:BC:63:07,145858975269,5.0
-51,B0:B4:48:BC:63:07,145858975269,5.0
-56,B0:B4:48:BC:63:07,145858975269,7.27
-56,B0:B4:48:BC:63:07,145858975269,7.27
-56,B0:B4:48:BC:63:07,145858975321,7.27
-56,B0:B4:48:BC:63:07,145858975321,7.27
-49,B0:B4:48:BC:63:07,145858975321,4.09
-49,B0:B4:48:BC:63:07,145858975321,4.09
-51,B0:B4:48:BC:63:07,145858975321,5.0
-55,B0:B4:48:BC:63:07,145858975321,6.82
-56,B0:B4:48:BC:63:07,145858975321,7.27
-51,B0:B4:48:BC:63:07,145858975363,5.0
-49,B0:B4:48:BC:63:07,145858975363,4.09
-49,B0:B4:48:BC:63:07,145858975363,4.09
-56,B0:B4:48:BC:63:07,145858975364,7.27
-51,B0:B4:48:BC:63:07,145858975364,5.0
-51,B0:B4:48:BC:63:07,145858975364,5.0
-56,B0:B4:48:BC:63:07,145858975364,7.27
-55,B0:B4:48:BC:63:07,145858975364,6.82
-49,B0:B4:48:BC:63:07,145858975427,4.09
-49,B0:B4:48:BC:63:07,145858975427,4.09
-56,B0:B4:48:BC:63:07,145858975427,7.27
-49,B0:B4:48:BC:63:07,145858975427,4.09
-49,B0:B4:48:BC:63:07,145858975427,4.09
-49,B0:B4:48:BC:63:07,145858975427,4.09
-49,B0:B4:48:BC:63:07,145858975427,4.09
-51,B0:B4:48:BC:63:07,145858975427,5.0
-51,B0:B4:48:BC:63:07,145858975469,5.0
-56,B0:B4:48:BC:63:07,145858975469,7.27
-55,B0:B4:48:BC:63:07,145858975469,6.82
-49,B0:B4:48:BC:63:07,145858975469,4.09
-49,B0:B4:48:BC:63:07,145858975469,4.09
-56,B0:B4:48:BC:63:07,145858975470,7.27
-55,B0:B4:48:BC:63:07,145858975470,6.82
-49,B0:B4:48:BC:63:07,145858975470,4.09
-49,B0:B4:48:BC:63:07,145858975532,4.09
-56,B0:B4:48:BC:63:07,145858975532,7.27
-56,B0:B4:48:BC:63:07,145858975532,7.27
-51,B0:B4:48:BC:63:07,145858975532,5.0
-49,B0:B4:48:BC:63:07,145858975532,4.09
-49,B0:B4:48:BC:63:07,145858975532,4.09
-56,B0:B4:48:BC:63:07,145858975532,7.27
-55,B0:B4:48:BC:63:07,145858975533,6.82
-51,B0:B4:48:BC:63:07,145858975605,5.0
-51,B0:B4:48:BC:63:07,145858975605,5.0
-49,B0:B4:48:BC:63:07,145858975605,4.09
-49,B0:B4:48:BC:63:07,145858975605,4.09
-51,B0:B4:48:BC:63:07,145858975605,5.0
-51,B0:B4:48:BC:63:07,145858975605,5.0
-49,B0:B4:48:BC:63:07,145858975605,4.09
-51,B0:B4:48:BC:63:07,145858975605,5.0
-51,B0:B4:48:BC:63:07,145858975657,5.0
-56,B0:B4:48:BC:63:07,145858975657,7.27
-56,B0:B4:48:BC:63:07,145858975657,7.27
-51,B0:B4:48:BC:63:07,145858975657,5.0
-56,B0:B4:48:BC:63:07,145858975657,7.27
-56,B0:B4:48:BC:63:07,145858975657,7.27
-51,B0:B4:48:BC:63:07,145858975657,5.0
-51,B0:B4:48:BC:63:07,145858975657,5.0
-51,B0:B4:48:BC:63:07,145858975708,5.0
-56,B0:B4:48:BC:63:07,145858975708,7.27
-56,B0:B4:48:BC:63:07,145858975708,7.27
-51,B0:B4:48:BC:63:07,145858975708,5.0
-51,B0:B4:48:BC:63:07,145858975709,5.0
-56,B0:B4:48:BC:63:07,145858975709,7.27
-56,B0:B4:48:BC:63:07,145858975709,7.27
-49,B0:B4:48:BC:63:07,145858975750,4.09
-49,B0:B4:48:BC:63:07,145858975750,4.09
-56,B0:B4:48:BC:63:07,145858975750,7.27
-56,B0:B4:48:BC:63:07,145858975750,7.27
-51,B0:B4:48:BC:63:07,145858975750,5.0
-56,B0:B4:48:BC:63:07,145858975750,7.27
-55,B0:B4:48:BC:63:07,145858975750,6.82
-51,B0:B4:48:BC:63:07,145858975750,5.0
-51,B0:B4:48:BC:63:07,145858975813,5.0
-56,B0:B4:48:BC:63:07,145858975813,7.27
-56,B0:B4:48:BC:63:07,145858975813,7.27
-51,B0:B4:48:BC:63:07,145858975813,5.0
-51,B0:B4:48:BC:63:07,145858975813,5.0
-51,B0:B4:48:BC:63:07,145858975813,5.0
-49,B0:B4:48:BC:63:07,145858975813,4.09
-49,B0:B4:48:BC:63:07,145858975813,4.09
-56,B0:B4:48:BC:63:07,145858975854,7.27
-55,B0:B4:48:BC:63:07,145858975854,6.82
-51,B0:B4:48:BC:63:07,145858975854,5.0
-51,B0:B4:48:BC:63:07,145858975854,5.0
-56,B0:B4:48:BC:63:07,145858975854,7.27
-56,B0:B4:48:BC:63:07,145858975854,7.27
-51,B0:B4:48:BC:63:07,145858975854,5.0
-51,B0:B4:48:BC:63:07,145858975854,5.0
-49,B0:B4:48:BC:63:07,145858975906,4.09
-49,B0:B4:48:BC:63:07,145858975906,4.09
-49,B0:B4:48:BC:63:07,145858975906,4.09
-49,B0:B4:48:BC:63:07,145858975906,4.09
-56,B0:B4:48:BC:63:07,145858975906,7.27
-56,B0:B4:48:BC:63:07,145858975906,7.27
-49,B0:B4:48:BC:63:07,145858975906,4.09
-49,B0:B4:48:BC:63:07,145858975906,4.09
-56,B0:B4:48:BC:63:07,145858975990,7.27
-56,B0:B4:48:BC:63:07,145858975990,7.27
-49,B0:B4:48:BC:63:07,145858975990,4.09
-49,B0:B4:48:BC:63:07,145858975990,4.09
-49,B0:B4:48:BC:63:07,145858975990,4.09
-49,B0:B4:48:BC:63:07,145858975990,4.09
-49,B0:B4:48:BC:63:07,145858975990,4.09
-49,B0:B4:48:BC:63:07,145858975990,4.09
-49,B0:B4:48:BC:63:07,145858976032,4.09
-49,B0:B4:48:BC:63:07,145858976032,4.09
-51,B0:B4:48:BC:63:07,145858976032,5.0
-51,B0:B4:48:BC:63:07,145858976032,5.0
-56,B0:B4:48:BC:63:07,145858976032,7.27
-56,B0:B4:48:BC:63:07,145858976032,7.27
-51,B0:B4:48:BC:63:07,145858976032,5.0
-51,B0:B4:48:BC:63:07,145858976032,5.0
-56,B0:B4:48:BC:63:07,145858976075,7.27
-56,B0:B4:48:BC:63:07,145858976075,7.27
-56,B0:B4:48:BC:63:07,145858976075,7.27
-56,B0:B4:48:BC:63:07,145858976075,7.27
-49,B0:B4:48:BC:63:07,145858976075,4.09
-49,B0:B4:48:BC:63:07,145858976075,4.09
-56,B0:B4:48:BC:63:07,145858976075,7.27
-56,B0:B4:48:BC:63:07,145858976075,7.27
-49,B0:B4:48:BC:63:07,145858976127,4.09
-49,B0:B4:48:BC:63:07,145858976127,4.09
-51,B0:B4:48:BC:63:07,145858976128,5.0
-51,B0:B4:48:BC:63:07,145858976128,5.0
-49,B0:B4:48:BC:63:07,145858976128,4.09
-49,B0:B4:48:BC:63:07,145858976128,4.09
-50,B0:B4:48:BC:63:07,145858976128,4.55
-49,B0:B4:48:BC:63:07,145858976128,4.09
-51,B0:B4:48:BC:63:07,145858976169,5.0
-51,B0:B4:48:BC:63:07,145858976169,5.0
-50,B0:B4:48:BC:63:07,145858976169,4.55
-50,B0:B4:48:BC:63:07,145858976169,4.55
-51,B0:B4:48:BC:63:07,145858976169,5.0
-51,B0:B4:48:BC:63:07,145858976169,5.0
-50,B0:B4:48:BC:63:07,145858976169,4.55
-49,B0:B4:48:BC:63:07,145858976169,4.09
-56,B0:B4:48:BC:63:07,145858976210,7.27
-56,B0:B4:48:BC:63:07,145858976210,7.27
-51,B0:B4:48:BC:63:07,145858976210,5.0
-52,B0:B4:48:BC:63:07,145858976210,5.45
-50,B0:B4:48:BC:63:07,145858976210,4.55
-49,B0:B4:48:BC:63:07,145858976210,4.09
-56,B0:B4:48:BC:63:07,145858976210,7.27
-56,B0:B4:48:BC:63:07,145858976210,7.27
-52,B0:B4:48:BC:63:07,145858976262,5.45
-56,B0:B4:48:BC:63:07,145858976262,7.27
-55,B0:B4:48:BC:63:07,145858976262,6.82
-52,B0:B4:48:BC:63:07,145858976263,5.45
-52,B0:B4:48:BC:63:07,145858976263,5.45
-50,B0:B4:48:BC:63:07,145858976263,4.55
-49,B0:B4:48:BC:63:07,145858976263,4.09
-56,B0:B4:48:BC:63:07,145858976263,7.27
-55,B0:B4:48:BC:63:07,145858976325,6.82
-50,B0:B4:48:BC:63:07,145858976325,4.55
-49,B0:B4:48:BC:63:07,145858976325,4.09
-56,B0:B4:48:BC:63:07,145858976325,7.27
-56,B0:B4:48:BC:63:07,145858976325,7.27
-51,B0:B4:48:BC:63:07,145858976325,5.0
-56,B0:B4:48:BC:63:07,145858976325,7.27
-56,B0:B4:48:BC:63:07,145858976325,7.27
-51,B0:B4:48:BC:63:07,145858976366,5.0
-51,B0:B4:48:BC:63:07,145858976366,5.0
-56,B0:B4:48:BC:63:07,145858976366,7.27
-56,B0:B4:48:BC:63:07,145858976366,7.27
-50,B0:B4:48:BC:63:07,145858976366,4.55
-50,B0:B4:48:BC:63:07,145858976366,4.55
-56,B0:B4:48:BC:63:07,145858976367,7.27
-56,B0:B4:48:BC:63:07,145858976367,7.27
-52,B0:B4:48:BC:63:07,145858976408,5.45
-52,B0:B4:48:BC:63:07,145858976409,5.45
-50,B0:B4:48:BC:63:07,145858976409,4.55
-50,B0:B4:48:BC:63:07,145858976409,4.55
-52,B0:B4:48:BC:63:07,145858976409,5.45
-52,B0:B4:48:BC:63:07,145858976409,5.45
-56,B0:B4:48:BC:63:07,145858976409,7.27
-56,B0:B4:48:BC:63:07,145858976409,7.27
-52,B0:B4:48:BC:63:07,145858976461,5.45
-52,B0:B4:48:BC:63:07,145858976461,5.45
-56,B0:B4:48:BC:63:07,145858976461,7.27
-51,B0:B4:48:BC:63:07,145858976461,5.0
-51,B0:B4:48:BC:63:07,145858976461,5.0
-56,B0:B4:48:BC:63:07,145858976461,7.27
-56,B0:B4:48:BC:63:07,145858976461,7.27
-51,B0:B4:48:BC:63:07,145858976461,5.0
-51,B0:B4:48:BC:63:07,145858976503,5.0
-56,B0:B4:48:BC:63:07,145858976503,7.27
-56,B0:B4:48:BC:63:07,145858976503,7.27
-50,B0:B4:48:BC:63:07,145858976503,4.55
-49,B0:B4:48:BC:63:07,145858976503,4.09
-56,B0:B4:48:BC:63:07,145858976503,7.27
-56,B0:B4:48:BC:63:07,145858976503,7.27
-51,B0:B4:48:BC:63:07,145858976503,5.0
-50,B0:B4:48:BC:63:07,145858976556,4.55
-50,B0:B4:48:BC:63:07,145858976556,4.55
-50,B0:B4:48:BC:63:07,145858976556,4.55
-49,B0:B4:48:BC:63:07,145858976556,4.09
-51,B0:B4:48:BC:63:07,145858976556,5.0
-51,B0:B4:48:BC:63:07,145858976557,5.0
-49,B0:B4:48:BC:63:07,145858976557,4.09
-49,B0:B4:48:BC:63:07,145858976557,4.09
-55,B0:B4:48:BC:63:07,145858976598,6.82
-55,B0:B4:48:BC:63:07,145858976598,6.82
-51,B0:B4:48:BC:63:07,145858976598,5.0
-51,B0:B4:48:BC:63:07,145858976598,5.0
-49,B0:B4:48:BC:63:07,145858976598,4.09
-49,B0:B4:48:BC:63:07,145858976598,4.09
-51,B0:B4:48:BC:63:07,145858976598,5.0
-51,B0:B4:48:BC:63:07,145858976598,5.0
-49,B0:B4:48:BC:63:07,145858976641,4.09
-51,B0:B4:48:BC:63:07,145858976641,5.0
-51,B0:B4:48:BC:63:07,145858976641,5.0
-55,B0:B4:48:BC:63:07,145858976641,6.82
-55,B0:B4:48:BC:63:07,145858976641,6.82
-51,B0:B4:48:BC:63:07,145858976641,5.0
-51,B0:B4:48:BC:63:07,145858976641,5.0
-55,B0:B4:48:BC:63:07,145858976641,6.82
-55,B0:B4:48:BC:63:07,145858976684,6.82
-49,B0:B4:48:BC:63:07,145858976684,4.09
-49,B0:B4:48:BC:63:07,145858976684,4.09
-51,B0:B4:48:BC:63:07,145858976684,5.0
-51,B0:B4:48:BC:63:07,145858976684,5.0
-49,B0:B4:48:BC:63:07,145858976684,4.09
-49,B0:B4:48:BC:63:07,145858976684,4.09
-55,B0:B4:48:BC:63:07,145858976684,6.82
-55,B0:B4:48:BC:63:07,145858976726,6.82
-49,B0:B4:48:BC:63:07,145858976726,4.09
-49,B0:B4:48:BC:63:07,145858976726,4.09
-55,B0:B4:48:BC:63:07,145858976726,6.82
-55,B0:B4:48:BC:63:07,145858976726,6.82
-49,B0:B4:48:BC:63:07,145858976726,4.09
-49,B0:B4:48:BC:63:07,145858976726,4.09
-55,B0:B4:48:BC:63:07,145858976726,6.82
-55,B0:B4:48:BC:63:07,145858976780,6.82
-49,B0:B4:48:BC:63:07,145858976780,4.09
-49,B0:B4:48:BC:63:07,145858976780,4.09
-55,B0:B4:48:BC:63:07,145858976780,6.82
-55,B0:B4:48:BC:63:07,145858976780,6.82
-49,B0:B4:48:BC:63:07,145858976780,4.09
-49,B0:B4:48:BC:63:07,145858976780,4.09
-55,B0:B4:48:BC:63:07,145858976780,6.82
-55,B0:B4:48:BC:63:07,145858976832,6.82
-51,B0:B4:48:BC:63:07,145858976832,5.0
-51,B0:B4:48:BC:63:07,145858976832,5.0
-56,B0:B4:48:BC:63:07,145858976832,7.27
-55,B0:B4:48:BC:63:07,145858976832,6.82
-51,B0:B4:48:BC:63:07,145858976832,5.0
-52,B0:B4:48:BC:63:07,145858976832,5.45
-50,B0:B4:48:BC:63:07,145858976832,4.55
-52,B0:B4:48:BC:63:07,145858976874,5.45
-52,B0:B4:48:BC:63:07,145858976874,5.45
-50,B0:B4:48:BC:63:07,145858976874,4.55
-56,B0:B4:48:BC:63:07,145858976874,7.27
-56,B0:B4:48:BC:63:07,145858976874,7.27
-52,B0:B4:48:BC:63:07,145858976874,5.45
-56,B0:B4:48:BC:63:07,145858976874,7.27
-56,B0:B4:48:BC:63:07,145858976874,7.27
-52,B0:B4:48:BC:63:07,145858976916,5.45
-50,B0:B4:48:BC:63:07,145858976917,4.55
-50,B0:B4:48:BC:63:07,145858976917,4.55
-52,B0:B4:48:BC:63:07,145858976917,5.45
-52,B0:B4:48:BC:63:07,145858976917,5.45
-56,B0:B4:48:BC:63:07,145858976917,7.27
-56,B0:B4:48:BC:63:07,145858976917,7.27
-52,B0:B4:48:BC:63:07,145858976917,5.45
-52,B0:B4:48:BC:63:07,145858976968,5.45
-56,B0:B4:48:BC:63:07,145858976968,7.27
-56,B0:B4:48:BC:63:07,145858976969,7.27
-56,B0:B4:48:BC:63:07,145858976969,7.27
-56,B0:B4:48:BC:63:07,145858976969,7.27
-51,B0:B4:48:BC:63:07,145858976969,5.0
-52,B0:B4:48:BC:63:07,145858976969,5.45
-50,B0:B4:48:BC:63:07,145858976969,4.55
-51,B0:B4:48:BC:63:07,145858977010,5.0
-51,B0:B4:48:BC:63:07,145858977010,5.0
-56,B0:B4:48:BC:63:07,145858977010,7.27
-55,B0:B4:48:BC:63:07,145858977010,6.82
-51,B0:B4:48:BC:63:07,145858977010,5.0
-51,B0:B4:48:BC:63:07,145858977011,5.0
-50,B0:B4:48:BC:63:07,145858977011,4.55
-51,B0:B4:48:BC:63:07,145858977052,5.0
-52,B0:B4:48:BC:63:07,145858977052,5.45
-50,B0:B4:48:BC:63:07,145858977052,4.55
-49,B0:B4:48:BC:63:07,145858977052,4.09
-51,B0:B4:48:BC:63:07,145858977052,5.0
-52,B0:B4:48:BC:63:07,145858977052,5.45
-56,B0:B4:48:BC:63:07,145858977052,7.27
-56,B0:B4:48:BC:63:07,145858977052,7.27
-52,B0:B4:48:BC:63:07,145858977095,5.45
-52,B0:B4:48:BC:63:07,145858977095,5.45
-51,B0:B4:48:BC:63:07,145858977095,5.0
-52,B0:B4:48:BC:63:07,145858977095,5.45
-50,B0:B4:48:BC:63:07,145858977095,4.55
-56,B0:B4:48:BC:63:07,145858977095,7.27
-56,B0:B4:48:BC:63:07,145858977095,7.27
-52,B0:B4:48:BC:63:07,145858977095,5.45
-56,B0:B4:48:BC:63:07,145858977137,7.27
-56,B0:B4:48:BC:63:07,145858977137,7.27
-50,B0:B4:48:BC:63:07,145858977137,4.55
-50,B0:B4:48:BC:63:07,145858977137,4.55
-56,B0:B4:48:BC:63:07,145858977137,7.27
-56,B0:B4:48:BC:63:07,145858977137,7.27
-50,B0:B4:48:BC:63:07,145858977137,4.55
-49,B0:B4:48:BC:63:07,145858977137,4.09
-52,B0:B4:48:BC:63:07,145858977200,5.45
-52,B0:B4:48:BC:63:07,145858977200,5.45
-50,B0:B4:48:BC:63:07,145858977200,4.55
-49,B0:B4:48:BC:63:07,145858977200,4.09
-50,B0:B4:48:BC:63:07,145858977200,4.55
-49,B0:B4:48:BC:63:07,145858977200,4.09
-52,B0:B4:48:BC:63:07,145858977200,5.45
-52,B0:B4:48:BC:63:07,145858977200,5.45
-50,B0:B4:48:BC:63:07,145858977243,4.55
-50,B0:B4:48:BC:63:07,145858977243,4.55
-51,B0:B4:48:BC:63:07,145858977243,5.0
-52,B0:B4:48:BC:63:07,145858977243,5.45
-56,B0:B4:48:BC:63:07,145858977243,7.27
-56,B0:B4:48:BC:63:07,145858977243,7.27
-50,B0:B4:48:BC:63:07,145858977243,4.55
-49,B0:B4:48:BC:63:07,145858977243,4.09
-56,B0:B4:48:BC:63:07,145858977285,7.27
-56,B0:B4:48:BC:63:07,145858977285,7.27
-51,B0:B4:48:BC:63:07,145858977285,5.0
-52,B0:B4:48:BC:63:07,145858977285,5.45
-56,B0:B4:48:BC:63:07,145858977285,7.27
-56,B0:B4:48:BC:63:07,145858977285,7.27
-50,B0:B4:48:BC:63:07,145858977285,4.55
-49,B0:B4:48:BC:63:07,145858977285,4.09
-56,B0:B4:48:BC:63:07,145858977338,7.27
-56,B0:B4:48:BC:63:07,145858977339,7.27
-50,B0:B4:48:BC:63:07,145858977339,4.55
-49,B0:B4:48:BC:63:07,145858977339,4.09
-52,B0:B4:48:BC:63:07,145858977339,5.45
-50,B0:B4:48:BC:63:07,145858977339,4.55
-49,B0:B4:48:BC:63:07,145858977339,4.09
-50,B0:B4:48:BC:63:07,145858977339,4.55
-49,B0:B4:48:BC:63:07,145858977380,4.09
-56,B0:B4:48:BC:63:07,145858977380,7.27
-56,B0:B4:48:BC:63:07,145858977380,7.27
-52,B0:B4:48:BC:63:07,145858977380,5.45
-52,B0:B4:48:BC:63:07,145858977380,5.45
-56,B0:B4:48:BC:63:07,145858977380,7.27
-56,B0:B4:48:BC:63:07,145858977380,7.27
-51,B0:B4:48:BC:63:07,145858977380,5.0
-52,B0:B4:48:BC:63:07,145858977422,5.45
-56,B0:B4:48:BC:63:07,145858977422,7.27
-56,B0:B4:48:BC:63:07,145858977422,7.27
-51,B0:B4:48:BC:63:07,145858977422,5.0
-52,B0:B4:48:BC:63:07,145858977422,5.45
-56,B0:B4:48:BC:63:07,145858977422,7.27
-56,B0:B4:48:BC:63:07,145858977422,7.27
-52,B0:B4:48:BC:63:07,145858977422,5.45
-52,B0:B4:48:BC:63:07,145858977485,5.45
-56,B0:B4:48:BC:63:07,145858977485,7.27
-56,B0:B4:48:BC:63:07,145858977485,7.27
-50,B0:B4:48:BC:63:07,145858977485,4.55
-51,B0:B4:48:BC:63:07,145858977485,5.0
-52,B0:B4:48:BC:63:07,145858977485,5.45
-56,B0:B4:48:BC:63:07,145858977485,7.27
-56,B0:B4:48:BC:63:07,145858977485,7.27
-51,B0:B4:48:BC:63:07,145858977538,5.0
-52,B0:B4:48:BC:63:07,145858977538,5.45
-50,B0:B4:48:BC:63:07,145858977538,4.55
-49,B0:B4:48:BC:63:07,145858977538,4.09
-50,B0:B4:48:BC:63:07,145858977538,4.55
-49,B0:B4:48:BC:63:07,145858977538,4.09
-56,B0:B4:48:BC:63:07,145858977538,7.27
-50,B0:B4:48:BC:63:07,145858977538,4.55
-49,B0:B4:48:BC:63:07,145858977602,4.09
-51,B0:B4:48:BC:63:07,145858977602,5.0
-52,B0:B4:48:BC:63:07,145858977602,5.45
-56,B0:B4:48:BC:63:07,145858977602,7.27
-56,B0:B4:48:BC:63:07,145858977603,7.27
-50,B0:B4:48:BC:63:07,145858977603,4.55
-52,B0:B4:48:BC:63:07,145858977603,5.45
-52,B0:B4:48:BC:63:07,145858977603,5.45
-56,B0:B4:48:BC:63:07,145858977643,7.27
-56,B0:B4:48:BC:63:07,145858977643,7.27
-51,B0:B4:48:BC:63:07,145858977643,5.0
-52,B0:B4:48:BC:63:07,145858977643,5.45
-50,B0:B4:48:BC:63:07,145858977643,4.55
-49,B0:B4:48:BC:63:07,145858977643,4.09
-56,B0:B4:48:BC:63:07,145858977643,7.27
-56,B0:B4:48:BC:63:07,145858977643,7.27
-50,B0:B4:48:BC:63:07,145858977696,4.55
-49,B0:B4:48:BC:63:07,145858977696,4.09
-50,B0:B4:48:BC:63:07,145858977696,4.55
-49,B0:B4:48:BC:63:07,145858977696,4.09
-56,B0:B4:48:BC:63:07,145858977696,7.27
-56,B0:B4:48:BC:63:07,145858977696,7.27
-50,B0:B4:48:BC:63:07,145858977696,4.55
-49,B0:B4:48:BC:63:07,145858977696,4.09
-56,B0:B4:48:BC:63:07,145858977748,7.27
-56,B0:B4:48:BC:63:07,145858977748,7.27
-52,B0:B4:48:BC:63:07,145858977748,5.45
-52,B0:B4:48:BC:63:07,145858977748,5.45
-50,B0:B4:48:BC:63:07,145858977748,4.55
-50,B0:B4:48:BC:63:07,145858977748,4.55
-50,B0:B4:48:BC:63:07,145858977748,4.55
-50,B0:B4:48:BC:63:07,145858977748,4.55
-52,B0:B4:48:BC:63:07,145858977801,5.45
-52,B0:B4:48:BC:63:07,145858977801,5.45
-50,B0:B4:48:BC:63:07,145858977801,4.55
-50,B0:B4:48:BC:63:07,145858977801,4.55
-56,B0:B4:48:BC:63:07,145858977801,7.27
-56,B0:B4:48:BC:63:07,145858977801,7.27
-50,B0:B4:48:BC:63:07,145858977801,4.55
-50,B0:B4:48:BC:63:07,145858977801,4.55
-56,B0:B4:48:BC:63:07,145858977864,7.27
-56,B0:B4:48:BC:63:07,145858977864,7.27
-56,B0:B4:48:BC:63:07,145858977864,7.27
-56,B0:B4:48:BC:63:07,145858977864,7.27
-50,B0:B4:48:BC:63:07,145858977864,4.55
-50,B0:B4:48:BC:63:07,145858977864,4.55
-56,B0:B4:48:BC:63:07,145858977864,7.27
-56,B0:B4:48:BC:63:07,145858977864,7.27
-50,B0:B4:48:BC:63:07,145858977906,4.55
-52,B0:B4:48:BC:63:07,145858977906,5.45
-56,B0:B4:48:BC:63:07,145858977906,7.27
-56,B0:B4:48:BC:63:07,145858977906,7.27
-52,B0:B4:48:BC:63:07,145858977906,5.45
-52,B0:B4:48:BC:63:07,145858977906,5.45
-56,B0:B4:48:BC:63:07,145858977906,7.27
-56,B0:B4:48:BC:63:07,145858977906,7.27
-52,B0:B4:48:BC:63:07,145858977947,5.45
-56,B0:B4:48:BC:63:07,145858977947,7.27
-56,B0:B4:48:BC:63:07,145858977947,7.27
-52,B0:B4:48:BC:63:07,145858977947,5.45
-52,B0:B4:48:BC:63:07,145858977947,5.45
-50,B0:B4:48:BC:63:07,145858977947,4.55
-50,B0:B4:48:BC:63:07,145858977947,4.55
-56,B0:B4:48:BC:63:07,145858977947,7.27
-56,B0:B4:48:BC:63:07,145858977988,7.27
-56,B0:B4:48:BC:63:07,145858977988,7.27
-56,B0:B4:48:BC:63:07,145858977988,7.27
-52,B0:B4:48:BC:63:07,145858977988,5.45
-52,B0:B4:48:BC:63:07,145858977988,5.45
-56,B0:B4:48:BC:63:07,145858977989,7.27
-56,B0:B4:48:BC:63:07,145858977989,7.27
-50,B0:B4:48:BC:63:07,145858977989,4.55
-50,B0:B4:48:BC:63:07,145858978030,4.55
-56,B0:B4:48:BC:63:07,145858978030,7.27
-56,B0:B4:48:BC:63:07,145858978030,7.27
-52,B0:B4:48:BC:63:07,145858978030,5.45
-52,B0:B4:48:BC:63:07,145858978030,5.45
-56,B0:B4:48:BC:63:07,145858978030,7.27
-56,B0:B4:48:BC:63:07,145858978030,7.27
-52,B0:B4:48:BC:63:07,145858978030,5.45
-52,B0:B4:48:BC:63:07,145858978072,5.45
-56,B0:B4:48:BC:63:07,145858978072,7.27
-56,B0:B4:48:BC:63:07,145858978072,7.27
-52,B0:B4:48:BC:63:07,145858978072,5.45
-52,B0:B4:48:BC:63:07,145858978072,5.45
-50,B0:B4:48:BC:63:07,145858978072,4.55
-50,B0:B4:48:BC:63:07,145858978072,4.55
-52,B0:B4:48:BC:63:07,145858978072,5.45
-52,B0:B4:48:BC:63:07,145858978145,5.45
-56,B0:B4:48:BC:63:07,145858978145,7.27
-50,B0:B4:48:BC:63:07,145858978145,4.55
-50,B0:B4:48:BC:63:07,145858978145,4.55
-50,B0:B4:48:BC:63:07,145858978145,4.55
-50,B0:B4:48:BC:63:07,145858978145,4.55
-56,B0:B4:48:BC:63:07,145858978145,7.27
-56,B0:B4:48:BC:63:07,145858978145,7.27
-50,B0:B4:48:BC:63:07,145858978188,4.55
-49,B0:B4:48:BC:63:07,145858978188,4.09
-56,B0:B4:48:BC:63:07,145858978188,7.27
-50,B0:B4:48:BC:63:07,145858978188,4.55
-49,B0:B4:48:BC:63:07,145858978188,4.09
-52,B0:B4:48:BC:63:07,145858978188,5.45
-52,B0:B4:48:BC:63:07,145858978188,5.45
-50,B0:B4:48:BC:63:07,145858978188,4.55
-50,B0:B4:48:BC:63:07,145858978231,4.55
-52,B0:B4:48:BC:63:07,145858978231,5.45
-52,B0:B4:48:BC:63:07,145858978231,5.45
-56,B0:B4:48:BC:63:07,145858978231,7.27
-56,B0:B4:48:BC:63:07,145858978231,7.27
-52,B0:B4:48:BC:63:07,145858978231,5.45
-52,B0:B4:48:BC:63:07,145858978231,5.45
-50,B0:B4:48:BC:63:07,145858978231,4.55
-50,B0:B4:48:BC:63:07,145858978293,4.55
-56,B0:B4:48:BC:63:07,145858978293,7.27
-52,B0:B4:48:BC:63:07,145858978293,5.45
-52,B0:B4:48:BC:63:07,145858978293,5.45
-56,B0:B4:48:BC:63:07,145858978293,7.27
-50,B0:B4:48:BC:63:07,145858978293,4.55
-50,B0:B4:48:BC:63:07,145858978293,4.55
-56,B0:B4:48:BC:63:07,145858978293,7.27
-52,B0:B4:48:BC:63:07,145858978335,5.45
-56,B0:B4:48:BC:63:07,145858978335,7.27
-56,B0:B4:48:BC:63:07,145858978335,7.27
-52,B0:B4:48:BC:63:07,145858978335,5.45
-52,B0:B4:48:BC:63:07,145858978335,5.45
-56,B0:B4:48:BC:63:07,145858978335,7.27
-56,B0:B4:48:BC:63:07,145858978335,7.27
-50,B0:B4:48:BC:63:07,145858978378,4.55
-50,B0:B4:48:BC:63:07,145858978378,4.55
-56,B0:B4:48:BC:63:07,145858978378,7.27
-56,B0:B4:48:BC:63:07,145858978378,7.27
-52,B0:B4:48:BC:63:07,145858978378,5.45
-52,B0:B4:48:BC:63:07,145858978378,5.45
-56,B0:B4:48:BC:63:07,145858978378,7.27
-56,B0:B4:48:BC:63:07,145858978378,7.27
-52,B0:B4:48:BC:63:07,145858978421,5.45
-56,B0:B4:48:BC:63:07,145858978421,7.27
-55,B0:B4:48:BC:63:07,145858978421,6.82
-50,B0:B4:48:BC:63:07,145858978421,4.55
-50,B0:B4:48:BC:63:07,145858978421,4.55
-56,B0:B4:48:BC:63:07,145858978421,7.27
-56,B0:B4:48:BC:63:07,145858978421,7.27
-50,B0:B4:48:BC:63:07,145858978421,4.55
-50,B0:B4:48:BC:63:07,145858978473,4.55
-52,B0:B4:48:BC:63:07,145858978473,5.45
-52,B0:B4:48:BC:63:07,145858978473,5.45
-50,B0:B4:48:BC:63:07,145858978473,4.55
-50,B0:B4:48:BC:63:07,145858978473,4.55
-50,B0:B4:48:BC:63:07,145858978473,4.55
-50,B0:B4:48:BC:63:07,145858978473,4.55
-50,B0:B4:48:BC:63:07,145858978473,4.55
-50,B0:B4:48:BC:63:07,145858978538,4.55
-52,B0:B4:48:BC:63:07,145858978538,5.45
-52,B0:B4:48:BC:63:07,145858978538,5.45
-56,B0:B4:48:BC:63:07,145858978538,7.27
-56,B0:B4:48:BC:63:07,145858978538,7.27
-50,B0:B4:48:BC:63:07,145858978538,4.55
-50,B0:B4:48:BC:63:07,145858978538,4.55
-50,B0:B4:48:BC:63:07,145858978538,4.55
-50,B0:B4:48:BC:63:07,145858978538,4.55
-52,B0:B4:48:BC:63:07,145858978581,5.45
-52,B0:B4:48:BC:63:07,145858978581,5.45
-50,B0:B4:48:BC:63:07,145858978581,4.55
-50,B0:B4:48:BC:63:07,145858978581,4.55
-52,B0:B4:48:BC:63:07,145858978581,5.45
-52,B0:B4:48:BC:63:07,145858978581,5.45
-56,B0:B4:48:BC:63:07,145858978581,7.27
-56,B0:B4:48:BC:63:07,145858978581,7.27
-50,B0:B4:48:BC:63:07,145858978624,4.55
-50,B0:B4:48:BC:63:07,145858978624,4.55
-52,B0:B4:48:BC:63:07,145858978624,5.45
-52,B0:B4:48:BC:63:07,145858978624,5.45
-50,B0:B4:48:BC:63:07,145858978624,4.55
-50,B0:B4:48:BC:63:07,145858978624,4.55
-52,B0:B4:48:BC:63:07,145858978624,5.45
-52,B0:B4:48:BC:63:07,145858978624,5.45
-50,B0:B4:48:BC:63:07,145858978665,4.55
-50,B0:B4:48:BC:63:07,145858978665,4.55
-50,B0:B4:48:BC:63:07,145858978665,4.55
-50,B0:B4:48:BC:63:07,145858978665,4.55
-56,B0:B4:48:BC:63:07,145858978665,7.27
-56,B0:B4:48:BC:63:07,145858978665,7.27
-52,B0:B4:48:BC:63:07,145858978665,5.45
-50,B0:B4:48:BC:63:07,145858978717,4.55
-50,B0:B4:48:BC:63:07,145858978717,4.55
-56,B0:B4:48:BC:63:07,145858978717,7.27
-56,B0:B4:48:BC:63:07,145858978717,7.27
-56,B0:B4:48:BC:63:07,145858978717,7.27
-56,B0:B4:48:BC:63:07,145858978717,7.27
-52,B0:B4:48:BC:63:07,145858978717,5.45
-52,B0:B4:48:BC:63:07,145858978717,5.45
-56,B0:B4:48:BC:63:07,145858978759,7.27
-56,B0:B4:48:BC:63:07,145858978759,7.27
-56,B0:B4:48:BC:63:07,145858978759,7.27
-56,B0:B4:48:BC:63:07,145858978759,7.27
-52,B0:B4:48:BC:63:07,145858978759,5.45
-56,B0:B4:48:BC:63:07,145858978759,7.27
-56,B0:B4:48:BC:63:07,145858978759,7.27
-52,B0:B4:48:BC:63:07,145858978759,5.45
-52,B0:B4:48:BC:63:07,145858978809,5.45
-50,B0:B4:48:BC:63:07,145858978809,4.55
-50,B0:B4:48:BC:63:07,145858978809,4.55
-52,B0:B4:48:BC:63:07,145858978809,5.45
-50,B0:B4:48:BC:63:07,145858978809,4.55
-50,B0:B4:48:BC:63:07,145858978809,4.55
-56,B0:B4:48:BC:63:07,145858978809,7.27
-56,B0:B4:48:BC:63:07,145858978809,7.27
-52,B0:B4:48:BC:63:07,145858978863,5.45
-52,B0:B4:48:BC:63:07,145858978863,5.45
-50,B0:B4:48:BC:63:07,145858978863,4.55
-50,B0:B4:48:BC:63:07,145858978863,4.55
-56,B0:B4:48:BC:63:07,145858978863,7.27
-56,B0:B4:48:BC:63:07,145858978863,7.27
-52,B0:B4:48:BC:63:07,145858978863,5.45
-52,B0:B4:48:BC:63:07,145858978863,5.45
-50,B0:B4:48:BC:63:07,145858978905,4.55
-50,B0:B4:48:BC:63:07,145858978905,4.55
-56,B0:B4:48:BC:63:07,145858978905,7.27
-56,B0:B4:48:BC:63:07,145858978905,7.27
-50,B0:B4:48:BC:63:07,145858978905,4.55
-50,B0:B4:48:BC:63:07,145858978905,4.55
-56,B0:B4:48:BC:63:07,145858978905,7.27
-56,B0:B4:48:BC:63:07,145858978905,7.27
-50,B0:B4:48:BC:63:07,145858978947,4.55
-50,B0:B4:48:BC:63:07,145858978947,4.55
-52,B0:B4:48:BC:63:07,145858978947,5.45
-52,B0:B4:48:BC:63:07,145858978947,5.45
-56,B0:B4:48:BC:63:07,145858978947,7.27
-56,B0:B4:48:BC:63:07,145858978947,7.27
-52,B0:B4:48:BC:63:07,145858978947,5.45
-52,B0:B4:48:BC:63:07,145858978947,5.45
-56,B0:B4:48:BC:63:07,145858978999,7.27
-56,B0:B4:48:BC:63:07,145858978999,7.27
-52,B0:B4:48:BC:63:07,145858978999,5.45
-52,B0:B4:48:BC:63:07,145858978999,5.45
-50,B0:B4:48:BC:63:07,145858978999,4.55
-50,B0:B4:48:BC:63:07,145858978999,4.55
-56,B0:B4:48:BC:63:07,145858978999,7.27
-50,B0:B4:48:BC:63:07,145858978999,4.55
-50,B0:B4:48:BC:63:07,145858979040,4.55
-56,B0:B4:48:BC:63:07,145858979041,7.27
-56,B0:B4:48:BC:63:07,145858979041,7.27
-52,B0:B4:48:BC:63:07,145858979041,5.45
-52,B0:B4:48:BC:63:07,145858979041,5.45
-56,B0:B4:48:BC:63:07,145858979041,7.27
-56,B0:B4:48:BC:63:07,145858979041,7.27
-50,B0:B4:48:BC:63:07,145858979041,4.55
-50,B0:B4:48:BC:63:07,145858979082,4.55
-56,B0:B4:48:BC:63:07,145858979082,7.27
-55,B0:B4:48:BC:63:07,145858979082,6.82
-50,B0:B4:48:BC:63:07,145858979082,4.55
-50,B0:B4:48:BC:63:07,145858979082,4.55
-56,B0:B4:48:BC:63:07,145858979082,7.27
-56,B0:B4:48:BC:63:07,145858979082,7.27
-52,B0:B4:48:BC:63:07,145858979082,5.45
-53,B0:B4:48:BC:63:07,145858979124,5.91
-50,B0:B4:48:BC:63:07,145858979124,4.55
-50,B0:B4:48:BC:63:07,145858979124,4.55
-52,B0:B4:48:BC:63:07,145858979124,5.45
-52,B0:B4:48:BC:63:07,145858979124,5.45
-53,B0:B4:48:BC:63:07,145858979124,5.91
-52,B0:B4:48:BC:63:07,145858979124,5.45
-56,B0:B4:48:BC:63:07,145858979124,7.27
-56,B0:B4:48:BC:63:07,145858979167,7.27
-50,B0:B4:48:BC:63:07,145858979167,4.55
-50,B0:B4:48:BC:63:07,145858979167,4.55
-52,B0:B4:48:BC:63:07,145858979167,5.45
-52,B0:B4:48:BC:63:07,145858979167,5.45
-56,B0:B4:48:BC:63:07,145858979167,7.27
-56,B0:B4:48:BC:63:07,145858979167,7.27
-52,B0:B4:48:BC:63:07,145858979167,5.45
-53,B0:B4:48:BC:63:07,145858979208,5.91
-56,B0:B4:48:BC:63:07,145858979208,7.27
-55,B0:B4:48:BC:63:07,145858979208,6.82
-52,B0:B4:48:BC:63:07,145858979208,5.45
-52,B0:B4:48:BC:63:07,145858979208,5.45
-50,B0:B4:48:BC:63:07,145858979208,4.55
-50,B0:B4:48:BC:63:07,145858979208,4.55
-56,B0:B4:48:BC:63:07,145858979208,7.27
-56,B0:B4:48:BC:63:07,145858979250,7.27
-50,B0:B4:48:BC:63:07,145858979250,4.55
-50,B0:B4:48:BC:63:07,145858979250,4.55
-56,B0:B4:48:BC:63:07,145858979250,7.27
-56,B0:B4:48:BC:63:07,145858979250,7.27
-56,B0:B4:48:BC:63:07,145858979250,7.27
-56,B0:B4:48:BC:63:07,145858979250,7.27
-50,B0:B4:48:BC:63:07,145858979250,4.55
-50,B0:B4:48:BC:63:07,145858979312,4.55
-56,B0:B4:48:BC:63:07,145858979313,7.27
-50,B0:B4:48:BC:63:07,145858979313,4.55
-50,B0:B4:48:BC:63:07,145858979313,4.55
-50,B0:B4:48:BC:63:07,145858979313,4.55
-56,B0:B4:48:BC:63:07,145858979313,7.27
-55,B0:B4:48:BC:63:07,145858979313,6.82
-50,B0:B4:48:BC:63:07,145858979313,4.55
-50,B0:B4:48:BC:63:07,145858979366,4.55
-55,B0:B4:48:BC:63:07,145858979366,6.82
-50,B0:B4:48:BC:63:07,145858979366,4.55
-50,B0:B4:48:BC:63:07,145858979366,4.55
-52,B0:B4:48:BC:63:07,145858979366,5.45
-53,B0:B4:48:BC:63:07,145858979366,5.91
-50,B0:B4:48:BC:63:07,145858979366,4.55
-50,B0:B4:48:BC:63:07,145858979366,4.55
-56,B0:B4:48:BC:63:07,145858979408,7.27
-55,B0:B4:48:BC:63:07,145858979408,6.82
-52,B0:B4:48:BC:63:07,145858979408,5.45
-55,B0:B4:48:BC:63:07,145858979408,6.82
-55,B0:B4:48:BC:63:07,145858979408,6.82
-52,B0:B4:48:BC:63:07,145858979408,5.45
-53,B0:B4:48:BC:63:07,145858979408,5.91
-56,B0:B4:48:BC:63:07,145858979408,7.27
-55,B0:B4:48:BC:63:07,145858979458,6.82
-52,B0:B4:48:BC:63:07,145858979458,5.45
-53,B0:B4:48:BC:63:07,145858979458,5.91
-50,B0:B4:48:BC:63:07,145858979458,4.55
-50,B0:B4:48:BC:63:07,145858979458,4.55
-56,B0:B4:48:BC:63:07,145858979458,7.27
-52,B0:B4:48:BC:63:07,145858979458,5.45
-53,B0:B4:48:BC:63:07,145858979458,5.91
-50,B0:B4:48:BC:63:07,145858979520,4.55
-50,B0:B4:48:BC:63:07,145858979520,4.55
-52,B0:B4:48:BC:63:07,145858979520,5.45
-53,B0:B4:48:BC:63:07,145858979520,5.91
-53,B0:B4:48:BC:63:07,145858979520,5.91
-53,B0:B4:48:BC:63:07,145858979520,5.91
-50,B0:B4:48:BC:63:07,145858979520,4.55
-52,B0:B4:48:BC:63:07,145858979573,5.45
-53,B0:B4:48:BC:63:07,145858979573,5.91
-50,B0:B4:48:BC:63:07,145858979573,4.55
-50,B0:B4:48:BC:63:07,145858979573,4.55
-56,B0:B4:48:BC:63:07,145858979573,7.27
-56,B0:B4:48:BC:63:07,145858979573,7.27
-50,B0:B4:48:BC:63:07,145858979573,4.55
-50,B0:B4:48:BC:63:07,145858979573,4.55
-50,B0:B4:48:BC:63:07,145858979615,4.55
-50,B0:B4:48:BC:63:07,145858979615,4.55
-52,B0:B4:48:BC:63:07,145858979615,5.45
-53,B0:B4:48:BC:63:07,145858979615,5.91
-56,B0:B4:48:BC:63:07,145858979615,7.27
-55,B0:B4:48:BC:63:07,145858979615,6.82
-52,B0:B4:48:BC:63:07,145858979615,5.45
-53,B0:B4:48:BC:63:07,145858979615,5.91
-56,B0:B4:48:BC:63:07,145858979678,7.27
-55,B0:B4:48:BC:63:07,145858979678,6.82
-50,B0:B4:48:BC:63:07,145858979678,4.55
-50,B0:B4:48:BC:63:07,145858979678,4.55
-50,B0:B4:48:BC:63:07,145858979678,4.55
-50,B0:B4:48:BC:63:07,145858979678,4.55
-56,B0:B4:48:BC:63:07,145858979678,7.27
-55,B0:B4:48:BC:63:07,145858979678,6.82
-50,B0:B4:48:BC:63:07,145858979742,4.55
-50,B0:B4:48:BC:63:07,145858979742,4.55
-50,B0:B4:48:BC:63:07,145858979742,4.55
-50,B0:B4:48:BC:63:07,145858979742,4.55
-52,B0:B4:48:BC:63:07,145858979742,5.45
-53,B0:B4:48:BC:63:07,145858979742,5.91
-50,B0:B4:48:BC:63:07,145858979742,4.55
-50,B0:B4:48:BC:63:07,145858979742,4.55
-50,B0:B4:48:BC:63:07,145858979795,4.55
-50,B0:B4:48:BC:63:07,145858979795,4.55
-52,B0:B4:48:BC:63:07,145858979795,5.45
-53,B0:B4:48:BC:63:07,145858979795,5.91
-56,B0:B4:48:BC:63:07,145858979795,7.27
-55,B0:B4:48:BC:63:07,145858979795,6.82
-52,B0:B4:48:BC:63:07,145858979795,5.45
-53,B0:B4:48:BC:63:07,145858979795,5.91
-56,B0:B4:48:BC:63:07,145858979848,7.27
-55,B0:B4:48:BC:63:07,145858979848,6.82
-50,B0:B4:48:BC:63:07,145858979848,4.55
-50,B0:B4:48:BC:63:07,145858979848,4.55
-56,B0:B4:48:BC:63:07,145858979848,7.27
-55,B0:B4:48:BC:63:07,145858979848,6.82
-52,B0:B4:48:BC:63:07,145858979848,5.45
-53,B0:B4:48:BC:63:07,145858979848,5.91
-56,B0:B4:48:BC:63:07,145858979890,7.27
-56,B0:B4:48:BC:63:07,145858979891,7.27
-50,B0:B4:48:BC:63:07,145858979891,4.55
-50,B0:B4:48:BC:63:07,145858979891,4.55
-56,B0:B4:48:BC:63:07,145858979891,7.27
-55,B0:B4:48:BC:63:07,145858979891,6.82
-56,B0:B4:48:BC:63:07,145858979891,7.27
-55,B0:B4:48:BC:63:07,145858979891,6.82
-50,B0:B4:48:BC:63:07,145858979943,4.55
-50,B0:B4:48:BC:63:07,145858979943,4.55
-52,B0:B4:48:BC:63:07,145858979943,5.45
-52,B0:B4:48:BC:63:07,145858979943,5.45
-48,B0:B4:48:BC:63:07,145858979943,3.64
-50,B0:B4:48:BC:63:07,145858979943,4.55
-50,B0:B4:48:BC:63:07,145858979943,4.55
-50,B0:B4:48:BC:63:07,145858979943,4.55
-56,B0:B4:48:BC:63:07,145858979985,7.27
-55,B0:B4:48:BC:63:07,145858979985,6.82
-52,B0:B4:48:BC:63:07,145858979985,5.45
-56,B0:B4:48:BC:63:07,145858979985,7.27
-55,B0:B4:48:BC:63:07,145858979985,6.82
-50,B0:B4:48:BC:63:07,145858979985,4.55
-50,B0:B4:48:BC:63:07,145858979985,4.55
-55,B0:B4:48:BC:63:07,145858979985,6.82
-55,B0:B4:48:BC:63:07,145858980026,6.82
-53,B0:B4:48:BC:63:07,145858980026,5.91
-53,B0:B4:48:BC:63:07,145858980026,5.91
-53,B0:B4:48:BC:63:07,145858980026,5.91
-53,B0:B4:48:BC:63:07,145858980026,5.91
-50,B0:B4:48:BC:63:07,145858980026,4.55
-50,B0:B4:48:BC:63:07,145858980026,4.55
-53,B0:B4:48:BC:63:07,145858980026,5.91
-53,B0:B4:48:BC:63:07,145858980068,5.91
-54,B0:B4:48:BC:63:07,145858980068,6.36
-54,B0:B4:48:BC:63:07,145858980068,6.36
-52,B0:B4:48:BC:63:07,145858980068,5.45
-53,B0:B4:48:BC:63:07,145858980068,5.91
-54,B0:B4:48:BC:63:07,145858980068,6.36
-54,B0:B4:48:BC:63:07,145858980068,6.36
-53,B0:B4:48:BC:63:07,145858980068,5.91
-53,B0:B4:48:BC:63:07,145858980121,5.91
-54,B0:B4:48:BC:63:07,145858980121,6.36
-55,B0:B4:48:BC:63:07,145858980121,6.82
-53,B0:B4:48:BC:63:07,145858980121,5.91
-53,B0:B4:48:BC:63:07,145858980121,5.91
-55,B0:B4:48:BC:63:07,145858980121,6.82
-55,B0:B4:48:BC:63:07,145858980121,6.82
-52,B0:B4:48:BC:63:07,145858980121,5.45
-56,B0:B4:48:BC:63:07,145858980183,7.27
-50,B0:B4:48:BC:63:07,145858980183,4.55
-50,B0:B4:48:BC:63:07,145858980183,4.55
-51,B0:B4:48:BC:63:07,145858980183,5.0
-51,B0:B4:48:BC:63:07,145858980183,5.0
-56,B0:B4:48:BC:63:07,145858980183,7.27
-56,B0:B4:48:BC:63:07,145858980183,7.27
-51,B0:B4:48:BC:63:07,145858980183,5.0
-51,B0:B4:48:BC:63:07,145858980224,5.0
-55,B0:B4:48:BC:63:07,145858980224,6.82
-54,B0:B4:48:BC:63:07,145858980224,6.36
-51,B0:B4:48:BC:63:07,145858980224,5.0
-51,B0:B4:48:BC:63:07,145858980224,5.0
-48,B0:B4:48:BC:63:07,145858980224,3.64
-49,B0:B4:48:BC:63:07,145858980224,4.09
-53,B0:B4:48:BC:63:07,145858980225,5.91
-53,B0:B4:48:BC:63:07,145858980287,5.91
-48,B0:B4:48:BC:63:07,145858980287,3.64
-48,B0:B4:48:BC:63:07,145858980287,3.64
-55,B0:B4:48:BC:63:07,145858980287,6.82
-48,B0:B4:48:BC:63:07,145858980287,3.64
-48,B0:B4:48:BC:63:07,145858980287,3.64
-48,B0:B4:48:BC:63:07,145858980287,3.64
-48,B0:B4:48:BC:63:07,145858980287,3.64
-48,B0:B4:48:BC:63:07,145858980319,3.64
-47,B0:B4:48:BC:63:07,145858980319,3.18
-51,B0:B4:48:BC:63:07,145858980319,5.0
-51,B0:B4:48:BC:63:07,145858980319,5.0
-48,B0:B4:48:BC:63:07,145858980319,3.64
-49,B0:B4:48:BC:63:07,145858980319,4.09
-50,B0:B4:48:BC:63:07,145858980319,4.55
-50,B0:B4:48:BC:63:07,145858980319,4.55
-45,B0:B4:48:BC:63:07,145858980362,2.27
-46,B0:B4:48:BC:63:07,145858980362,2.73
-56,B0:B4:48:BC:63:07,145858980362,7.27
-55,B0:B4:48:BC:63:07,145858980362,6.82
-46,B0:B4:48:BC:63:07,145858980362,2.73
-46,B0:B4:48:BC:63:07,145858980362,2.73
-51,B0:B4:48:BC:63:07,145858980362,5.0
-51,B0:B4:48:BC:63:07,145858980362,5.0
-52,B0:B4:48:BC:63:07,145858980414,5.45
-51,B0:B4:48:BC:63:07,145858980414,5.0
-50,B0:B4:48:BC:63:07,145858980414,4.55
-49,B0:B4:48:BC:63:07,145858980414,4.09
-47,B0:B4:48:BC:63:07,145858980414,3.18
-47,B0:B4:48:BC:63:07,145858980414,3.18
-44,B0:B4:48:BC:63:07,145858980414,1.82
-44,B0:B4:48:BC:63:07,145858980414,1.82
